SKU,Store,category,OOS_days,date_list,OOS_lastDay,avg_loss_sale_quantity,avg_loss_net_sale,avg_loss_mergin,total_loss_sale_quantity,total_loss_net_sale,total_loss_mergin,Category
AULS503722-Winnie The Pooh: Classic Colle,AULS.OOL101,,6,"[datetime.date(2019, 11, 25), datetime.date(2019, 11, 26), datetime.date(2019, 11, 27), datetime.date(2019, 11, 28), datetime.date(2019, 11, 29), datetime.date(2019, 11, 30)]",1,0.0,0.0,0.0,0.0,0.0,0.0,03-Books
AULS501275-Big Sky,AULS.OOL101,,7,"[datetime.date(2019, 11, 24), datetime.date(2019, 11, 25), datetime.date(2019, 11, 26), datetime.date(2019, 11, 27), datetime.date(2019, 11, 28), datetime.date(2019, 11, 29), datetime.date(2019, 11, 30)]",1,0.0625,1.931249976158142,0.9950000047683716,0.4375,13.518749833106995,6.965000033378601,03-Books
AULS501281-President is Missing,AULS.TSV101,,7,"[datetime.date(2019, 11, 24), datetime.date(2019, 11, 25), datetime.date(2019, 11, 26), datetime.date(2019, 11, 27), datetime.date(2019, 11, 28), datetime.date(2019, 11, 29), datetime.date(2019, 11, 30)]",1,0.0,0.0,0.0,0.0,0.0,0.0,03-Books
AULS414925-39 Storey Treehouse,AULS.OOL101,,1,"[datetime.date(2019, 11, 24)]",0,0.03703703731298447,0.4374074339866638,0.22703704237937927,0.03703703731298447,0.4374074339866638,0.22703704237937927,03-Books
AULS431123-Harry Potter and the Chamber o,AULS.OOL101,,3,"[datetime.date(2019, 11, 28), datetime.date(2019, 11, 29), datetime.date(2019, 11, 30)]",1,0.0,0.0,0.0,0.0,0.0,0.0,03-Books
AULS469724205M-GC2018-MEN 1C EMBLEMPIQUE POLO,AULS.TSV101,,7,"[datetime.date(2019, 11, 24), datetime.date(2019, 11, 25), datetime.date(2019, 11, 26), datetime.date(2019, 11, 27), datetime.date(2019, 11, 28), datetime.date(2019, 11, 29), datetime.date(2019, 11, 30)]",1,0.0,0.0,0.0,0.0,0.0,0.0,03-Books
AULS4723774414-(AM) BUG EYE P,AULS.OOL104,,5,"[datetime.date(2019, 11, 26), datetime.date(2019, 11, 27), datetime.date(2019, 11, 28), datetime.date(2019, 11, 29), datetime.date(2019, 11, 30)]",1,0.0416666679084301,0.7558333277702332,0.5370833277702332,0.2083333395421505,3.7791666388511658,2.6854166388511658,03-Books
AULS504898-Maisys Shop (Pop Out Play Scen,AULS.OOL101,,4,"[datetime.date(2019, 11, 27), datetime.date(2019, 11, 28), datetime.date(2019, 11, 29), datetime.date(2019, 11, 30)]",1,0.043478261679410934,0.5926086902618408,0.31130433082580566,0.17391304671764374,2.3704347610473633,1.2452173233032227,03-Books
AULS505789-Alice Wonderland Classic Colle,AULS.OOL101,,1,"[datetime.date(2019, 11, 28)]",0,0.0,0.0,0.0,0.0,0.0,0.0,03-Books
AULS506557-Very Super Bear,AULS.OOL101,,6,"[datetime.date(2019, 11, 25), datetime.date(2019, 11, 26), datetime.date(2019, 11, 27), datetime.date(2019, 11, 28), datetime.date(2019, 11, 29), datetime.date(2019, 11, 30)]",1,0.21739129722118378,2.555652141571045,1.3117390871047974,1.3043477833271027,15.33391284942627,7.870434522628784,03-Books
AULS4999391-QLD SOO19 Original,AULS.TSV101,,3,"[datetime.date(2019, 11, 27), datetime.date(2019, 11, 28), datetime.date(2019, 11, 29)]",0,0.07692307978868484,1.276153802871704,0.05038461461663246,0.23076923936605453,3.8284614086151123,0.15115384384989738,03-Books
AULS455591000-NRL Cowboys Short Footysuit,AULS.TSV101,,6,"[datetime.date(2019, 11, 24), datetime.date(2019, 11, 25), datetime.date(2019, 11, 26), datetime.date(2019, 11, 27), datetime.date(2019, 11, 28), datetime.date(2019, 11, 29)]",0,0.0,0.0,0.0,0.0,0.0,0.0,03-Books
AULS498017NVYGDM-NRL19 COWBOYS M SLEEVLS HOODY,AULS.TSV101,,7,"[datetime.date(2019, 11, 24), datetime.date(2019, 11, 25), datetime.date(2019, 11, 26), datetime.date(2019, 11, 27), datetime.date(2019, 11, 28), datetime.date(2019, 11, 29), datetime.date(2019, 11, 30)]",1,0.0,0.0,0.0,0.0,0.0,0.0,03-Books
AULS504638-Peppa Pig: Australian Fun Boar,AULS.OOL101,,3,"[datetime.date(2019, 11, 26), datetime.date(2019, 11, 27), datetime.date(2019, 11, 28)]",0,0.1538461595773697,2.5153846740722656,1.3261538743972778,0.46153847873210907,7.546154022216797,3.9784616231918335,03-Books
AULS501474-Wrong Book 10th Anniv. Ed,AULS.OOL101,,7,"[datetime.date(2019, 11, 24), datetime.date(2019, 11, 25), datetime.date(2019, 11, 26), datetime.date(2019, 11, 27), datetime.date(2019, 11, 28), datetime.date(2019, 11, 29), datetime.date(2019, 11, 30)]",1,0.05000000074505806,0.5509999990463257,0.26500001549720764,0.3500000052154064,3.85699999332428,1.8550001084804535,03-Books
AULS484995M-LADIES T - BOARDS,AULS.OOL101,,7,"[datetime.date(2019, 11, 24), datetime.date(2019, 11, 25), datetime.date(2019, 11, 26), datetime.date(2019, 11, 27), datetime.date(2019, 11, 28), datetime.date(2019, 11, 29), datetime.date(2019, 11, 30)]",1,0.20000000298023224,3.636000156402588,1.7860000133514404,1.4000000208616257,25.452001094818115,12.502000093460083,03-Books
AULS506791M-NRL Cowboys Hawaiian Shirt MEN,AULS.TSV101,,7,"[datetime.date(2019, 11, 24), datetime.date(2019, 11, 25), datetime.date(2019, 11, 26), datetime.date(2019, 11, 27), datetime.date(2019, 11, 28), datetime.date(2019, 11, 29), datetime.date(2019, 11, 30)]",1,0.0,0.0,0.0,0.0,0.0,0.0,03-Books
AULS4743620412-(AM) G.C. INCONS,AULS.OOL104,,7,"[datetime.date(2019, 11, 24), datetime.date(2019, 11, 25), datetime.date(2019, 11, 26), datetime.date(2019, 11, 27), datetime.date(2019, 11, 28), datetime.date(2019, 11, 29), datetime.date(2019, 11, 30)]",1,0.0,0.0,0.0,0.0,0.0,0.0,03-Books
AULS47774514-COWBOYS LADIES REFLEC LOGO TEE,AULS.TSV101,,7,"[datetime.date(2019, 11, 24), datetime.date(2019, 11, 25), datetime.date(2019, 11, 26), datetime.date(2019, 11, 27), datetime.date(2019, 11, 28), datetime.date(2019, 11, 29), datetime.date(2019, 11, 30)]",1,0.0,0.0,0.0,0.0,0.0,0.0,03-Books
AULS483759-Old MacDonald Had a Farm,AULS.OOL101,,2,"[datetime.date(2019, 11, 29), datetime.date(2019, 11, 30)]",1,0.125,1.3262499570846558,0.6333333253860474,0.25,2.6524999141693115,1.2666666507720947,03-Books
AULS434044-M T - RETRO BOARDS,AULS.OOL101,,2,"[datetime.date(2019, 11, 24), datetime.date(2019, 11, 25)]",0,0.4000000059604645,7.185999870300293,3.4860000610351562,0.800000011920929,14.371999740600586,6.9720001220703125,03-Books
AULS448862-LM4 Daredevil Dingo Little Mat,AULS.OOL101,,7,"[datetime.date(2019, 11, 24), datetime.date(2019, 11, 25), datetime.date(2019, 11, 26), datetime.date(2019, 11, 27), datetime.date(2019, 11, 28), datetime.date(2019, 11, 29), datetime.date(2019, 11, 30)]",1,0.11764705926179886,0.40647056698799133,0.20647060871124268,0.823529414832592,2.8452939689159393,1.4452942609786987,03-Books
AULS505518-Planet Full of Plastic,AULS.OOL101,,7,"[datetime.date(2019, 11, 24), datetime.date(2019, 11, 25), datetime.date(2019, 11, 26), datetime.date(2019, 11, 27), datetime.date(2019, 11, 28), datetime.date(2019, 11, 29), datetime.date(2019, 11, 30)]",1,0.25,3.862499952316284,2.0450000762939453,1.75,27.03749966621399,14.315000534057617,03-Books
AULS486014NVYS-W18 COWBOYS W'47 CLUBCourts LS,AULS.TSV101,,7,"[datetime.date(2019, 11, 24), datetime.date(2019, 11, 25), datetime.date(2019, 11, 26), datetime.date(2019, 11, 27), datetime.date(2019, 11, 28), datetime.date(2019, 11, 29), datetime.date(2019, 11, 30)]",1,0.0,0.0,0.0,0.0,0.0,0.0,03-Books
AULS501251-Miracle Equation,AULS.OOL101,,7,"[datetime.date(2019, 11, 24), datetime.date(2019, 11, 25), datetime.date(2019, 11, 26), datetime.date(2019, 11, 27), datetime.date(2019, 11, 28), datetime.date(2019, 11, 29), datetime.date(2019, 11, 30)]",1,0.0,0.0,0.0,0.0,0.0,0.0,03-Books
AULS504744-Shadow Captain (Revenger 2),AULS.TSV101,,3,"[datetime.date(2019, 11, 28), datetime.date(2019, 11, 29), datetime.date(2019, 11, 30)]",1,0.11538461595773697,2.516538381576538,1.3107692003250122,0.3461538478732109,7.549615144729614,3.9323076009750366,03-Books
AULS504839-Never Touch the Dinosaurs,AULS.OOL101,,7,"[datetime.date(2019, 11, 24), datetime.date(2019, 11, 25), datetime.date(2019, 11, 26), datetime.date(2019, 11, 27), datetime.date(2019, 11, 28), datetime.date(2019, 11, 29), datetime.date(2019, 11, 30)]",1,0.0714285746216774,0.9735714197158813,0.608571469783783,0.5000000223517418,6.814999938011169,4.260000288486481,03-Books
AULS506544-Tom Gates #17: Spectacular Sch,AULS.OOL104,,1,"[datetime.date(2019, 11, 24)]",0,0.0,0.0,0.0,0.0,0.0,0.0,03-Books
AULS486200-Men Without Women,AULS.OOL101,,7,"[datetime.date(2019, 11, 24), datetime.date(2019, 11, 25), datetime.date(2019, 11, 26), datetime.date(2019, 11, 27), datetime.date(2019, 11, 28), datetime.date(2019, 11, 29), datetime.date(2019, 11, 30)]",1,0.0,0.0,0.0,0.0,0.0,0.0,03-Books
AULS500265-Deathless,AULS.OOL101,,7,"[datetime.date(2019, 11, 24), datetime.date(2019, 11, 25), datetime.date(2019, 11, 26), datetime.date(2019, 11, 27), datetime.date(2019, 11, 28), datetime.date(2019, 11, 29), datetime.date(2019, 11, 30)]",1,0.05263157933950424,1.0042104721069336,0.5121052265167236,0.3684210553765297,7.029473304748535,3.5847365856170654,03-Books
AULS502599-Matriach,AULS.OOL101,,7,"[datetime.date(2019, 11, 24), datetime.date(2019, 11, 25), datetime.date(2019, 11, 26), datetime.date(2019, 11, 27), datetime.date(2019, 11, 28), datetime.date(2019, 11, 29), datetime.date(2019, 11, 30)]",1,0.15789473056793213,3.012631416320801,1.5789474248886108,1.105263113975525,21.088419914245605,11.052631974220276,03-Books
AULS504752-Baby Youre Remarkable,AULS.OOL101,,4,"[datetime.date(2019, 11, 27), datetime.date(2019, 11, 28), datetime.date(2019, 11, 29), datetime.date(2019, 11, 30)]",1,0.03846153989434242,1.1884615421295166,0.6115384697914124,0.1538461595773697,4.753846168518066,2.4461538791656494,03-Books
AULS501195GRTRE0000-Zip Growsuit,AULS.OOL101,,7,"[datetime.date(2019, 11, 24), datetime.date(2019, 11, 25), datetime.date(2019, 11, 26), datetime.date(2019, 11, 27), datetime.date(2019, 11, 28), datetime.date(2019, 11, 29), datetime.date(2019, 11, 30)]",1,0.0,0.0,0.0,0.0,0.0,0.0,03-Books
AULS502470-Short History of Europe,AULS.OOL101,,7,"[datetime.date(2019, 11, 24), datetime.date(2019, 11, 25), datetime.date(2019, 11, 26), datetime.date(2019, 11, 27), datetime.date(2019, 11, 28), datetime.date(2019, 11, 29), datetime.date(2019, 11, 30)]",1,0.0,0.0,0.0,0.0,0.0,0.0,03-Books
AULS4555841-QLD Reds Original,AULS.TSV101,,7,"[datetime.date(2019, 11, 24), datetime.date(2019, 11, 25), datetime.date(2019, 11, 26), datetime.date(2019, 11, 27), datetime.date(2019, 11, 28), datetime.date(2019, 11, 29), datetime.date(2019, 11, 30)]",1,0.0,0.0,0.0,0.0,0.0,0.0,03-Books
AULS46973166514-GC2018-WOMENS HD LOGO TEE,AULS.TSV101,,7,"[datetime.date(2019, 11, 24), datetime.date(2019, 11, 25), datetime.date(2019, 11, 26), datetime.date(2019, 11, 27), datetime.date(2019, 11, 28), datetime.date(2019, 11, 29), datetime.date(2019, 11, 30)]",1,0.0,0.0,0.0,0.0,0.0,0.0,03-Books
AULS385118740L-LADIES BASIC CREW NECK,AULS.OOL104,,7,"[datetime.date(2019, 11, 24), datetime.date(2019, 11, 25), datetime.date(2019, 11, 26), datetime.date(2019, 11, 27), datetime.date(2019, 11, 28), datetime.date(2019, 11, 29), datetime.date(2019, 11, 30)]",1,0.0,0.0,0.0,0.0,0.0,0.0,03-Books
AULS504915-Political Tribes,AULS.OOL101,,3,"[datetime.date(2019, 11, 28), datetime.date(2019, 11, 29), datetime.date(2019, 11, 30)]",1,0.03703703731298447,0.8077777624130249,0.4207407236099243,0.1111111119389534,2.4233332872390747,1.262222170829773,03-Books
AULS452736-Rosie Effect,AULS.OOL101,,7,"[datetime.date(2019, 11, 24), datetime.date(2019, 11, 25), datetime.date(2019, 11, 26), datetime.date(2019, 11, 27), datetime.date(2019, 11, 28), datetime.date(2019, 11, 29), datetime.date(2019, 11, 30)]",1,0.0,0.0,0.0,0.0,0.0,0.0,03-Books
AULS4833132-SUPERCARS T-Shirt Blue,AULS.TSV101,,7,"[datetime.date(2019, 11, 24), datetime.date(2019, 11, 25), datetime.date(2019, 11, 26), datetime.date(2019, 11, 27), datetime.date(2019, 11, 28), datetime.date(2019, 11, 29), datetime.date(2019, 11, 30)]",1,0.0,0.0,0.0,0.0,0.0,0.0,03-Books
AULS474464-Peppa Goes Swimming,AULS.OOL104,,7,"[datetime.date(2019, 11, 24), datetime.date(2019, 11, 25), datetime.date(2019, 11, 26), datetime.date(2019, 11, 27), datetime.date(2019, 11, 28), datetime.date(2019, 11, 29), datetime.date(2019, 11, 30)]",1,0.0833333358168602,0.7566666603088379,0.4516666829586029,0.5833333507180214,5.296666622161865,3.1616667807102203,03-Books
AULS500276-Everything Is F*cked,AULS.OOL114,,1,"[datetime.date(2019, 11, 25)]",0,0.1071428582072258,3.018214464187622,1.6339285373687744,0.1071428582072258,3.018214464187622,1.6339285373687744,03-Books
AULS469708420OS-GC2018-ToddlersBorobiBucketHat,AULS.TSV101,,7,"[datetime.date(2019, 11, 24), datetime.date(2019, 11, 25), datetime.date(2019, 11, 26), datetime.date(2019, 11, 27), datetime.date(2019, 11, 28), datetime.date(2019, 11, 29), datetime.date(2019, 11, 30)]",1,0.0,0.0,0.0,0.0,0.0,0.0,03-Books
AULS471574-Courage to be Disliked,AULS.OOL114,,4,"[datetime.date(2019, 11, 24), datetime.date(2019, 11, 25), datetime.date(2019, 11, 26), datetime.date(2019, 11, 27)]",0,0.05000000074505806,1.1359999179840088,0.6244999766349792,0.20000000298023224,4.543999671936035,2.497999906539917,03-Books
AULS489671SNOWM-W ZIP HOODY HARVEST SNOW MARLE,AULS.OOL101,,7,"[datetime.date(2019, 11, 24), datetime.date(2019, 11, 25), datetime.date(2019, 11, 26), datetime.date(2019, 11, 27), datetime.date(2019, 11, 28), datetime.date(2019, 11, 29), datetime.date(2019, 11, 30)]",1,0.0,0.0,0.0,0.0,0.0,0.0,03-Books
AULS502017PRINT000-MG WREN ONESIE,AULS.OOL101,,6,"[datetime.date(2019, 11, 25), datetime.date(2019, 11, 26), datetime.date(2019, 11, 27), datetime.date(2019, 11, 28), datetime.date(2019, 11, 29), datetime.date(2019, 11, 30)]",1,0.0,0.0,0.0,0.0,0.0,0.0,03-Books
AULS378564-13 Storey Treehouse,AULS.OOL101,,1,"[datetime.date(2019, 11, 30)]",1,0.0,0.0,0.0,0.0,0.0,0.0,03-Books
AULS503588-Talking with Female Serial Kil,AULS.TSV101,,7,"[datetime.date(2019, 11, 24), datetime.date(2019, 11, 25), datetime.date(2019, 11, 26), datetime.date(2019, 11, 27), datetime.date(2019, 11, 28), datetime.date(2019, 11, 29), datetime.date(2019, 11, 30)]",1,0.0714285746216774,1.3628571033477783,0.7135714292526245,0.5000000223517418,9.539999723434448,4.995000004768372,03-Books
AULS313411-One Flew Over the Cuckoos,AULS.OOL101,,6,"[datetime.date(2019, 11, 25), datetime.date(2019, 11, 26), datetime.date(2019, 11, 27), datetime.date(2019, 11, 28), datetime.date(2019, 11, 29), datetime.date(2019, 11, 30)]",1,0.043478261679410934,0.5134782791137695,0.20260868966579437,0.2608695700764656,3.080869674682617,1.2156521379947662,03-Books
AULS48138237/38-AUSSIANA BLACK/DIAMANTE/SLIM,AULS.OOL103,,7,"[datetime.date(2019, 11, 24), datetime.date(2019, 11, 25), datetime.date(2019, 11, 26), datetime.date(2019, 11, 27), datetime.date(2019, 11, 28), datetime.date(2019, 11, 29), datetime.date(2019, 11, 30)]",1,0.0,0.0,0.0,0.0,0.0,0.0,03-Books
AULS487361-How to Build a Universe: Infin,AULS.OOL101,,1,"[datetime.date(2019, 11, 28)]",0,0.0,0.0,0.0,0.0,0.0,0.0,03-Books
AULS495397NVYWHS-NRL19 COWBOYS M HOME JERSEY,AULS.TSV101,,7,"[datetime.date(2019, 11, 24), datetime.date(2019, 11, 25), datetime.date(2019, 11, 26), datetime.date(2019, 11, 27), datetime.date(2019, 11, 28), datetime.date(2019, 11, 29), datetime.date(2019, 11, 30)]",1,0.0,0.0,0.0,0.0,0.0,0.0,03-Books
AULS448864-LM6 Friendliest Fairy Penguin,AULS.OOL104,,1,"[datetime.date(2019, 11, 24)]",0,0.04545454680919647,0.20636363327503204,0.12909090518951416,0.04545454680919647,0.20636363327503204,0.12909090518951416,03-Books
AULS502642-Lion King: Ultimate Colouring,AULS.OOL101,,7,"[datetime.date(2019, 11, 24), datetime.date(2019, 11, 25), datetime.date(2019, 11, 26), datetime.date(2019, 11, 27), datetime.date(2019, 11, 28), datetime.date(2019, 11, 29), datetime.date(2019, 11, 30)]",1,0.0,0.0,0.0,0.0,0.0,0.0,03-Books
AULS495397NVYWHXL-NRL19 COWBOYS M HOME JERSEY,AULS.TSV101,,7,"[datetime.date(2019, 11, 24), datetime.date(2019, 11, 25), datetime.date(2019, 11, 26), datetime.date(2019, 11, 27), datetime.date(2019, 11, 28), datetime.date(2019, 11, 29), datetime.date(2019, 11, 30)]",1,0.0,0.0,0.0,0.0,0.0,0.0,03-Books
AULS49993900-QLD SOO19 Original,AULS.TSV101,,7,"[datetime.date(2019, 11, 24), datetime.date(2019, 11, 25), datetime.date(2019, 11, 26), datetime.date(2019, 11, 27), datetime.date(2019, 11, 28), datetime.date(2019, 11, 29), datetime.date(2019, 11, 30)]",1,0.0,0.0,0.0,0.0,0.0,0.0,03-Books
AULS503650-New Manhood (Updated Edition),AULS.OOL101,,7,"[datetime.date(2019, 11, 24), datetime.date(2019, 11, 25), datetime.date(2019, 11, 26), datetime.date(2019, 11, 27), datetime.date(2019, 11, 28), datetime.date(2019, 11, 29), datetime.date(2019, 11, 30)]",1,0.07692307978868484,2.0969231128692627,1.0484615564346313,0.5384615585207939,14.678461790084839,7.339230895042419,03-Books
AULS471561-Worlds Worst Children 2,AULS.OOL104,,3,"[datetime.date(2019, 11, 24), datetime.date(2019, 11, 25), datetime.date(2019, 11, 26)]",0,0.0,0.0,0.0,0.0,0.0,0.0,03-Books
AULS476151S-Adults Tee Yellow GC Surf Club,AULS.OOL101,,7,"[datetime.date(2019, 11, 24), datetime.date(2019, 11, 25), datetime.date(2019, 11, 26), datetime.date(2019, 11, 27), datetime.date(2019, 11, 28), datetime.date(2019, 11, 29), datetime.date(2019, 11, 30)]",1,0.0,0.0,0.0,0.0,0.0,0.0,03-Books
AULS505644-Scatterbrain,AULS.OOL101,,6,"[datetime.date(2019, 11, 25), datetime.date(2019, 11, 26), datetime.date(2019, 11, 27), datetime.date(2019, 11, 28), datetime.date(2019, 11, 29), datetime.date(2019, 11, 30)]",1,0.30434781312942505,8.573912620544434,4.422608852386475,1.8260868787765503,51.4434757232666,26.535653114318848,03-Books
AULS505699-18th Abduction,AULS.TSV101,,7,"[datetime.date(2019, 11, 24), datetime.date(2019, 11, 25), datetime.date(2019, 11, 26), datetime.date(2019, 11, 27), datetime.date(2019, 11, 28), datetime.date(2019, 11, 29), datetime.date(2019, 11, 30)]",1,0.09090909361839294,1.7345454692840576,0.9081817865371704,0.6363636553287506,12.141818284988403,6.357272505760193,03-Books
AULS448865-LM7 Grumpiest Gecko Little Mat,AULS.OOL101,,7,"[datetime.date(2019, 11, 24), datetime.date(2019, 11, 25), datetime.date(2019, 11, 26), datetime.date(2019, 11, 27), datetime.date(2019, 11, 28), datetime.date(2019, 11, 29), datetime.date(2019, 11, 30)]",1,0.1428571492433548,0.5199999809265137,0.27714285254478455,1.0000000447034836,3.6399998664855957,1.9399999678134918,03-Books
AULS45669644125-Aussie Soles Kids Star PIK/DIA,AULS.TSV101,,7,"[datetime.date(2019, 11, 24), datetime.date(2019, 11, 25), datetime.date(2019, 11, 26), datetime.date(2019, 11, 27), datetime.date(2019, 11, 28), datetime.date(2019, 11, 29), datetime.date(2019, 11, 30)]",1,0.0,0.0,0.0,0.0,0.0,0.0,03-Books
AULS45780502510-M BbyAlp/fineMerWolBlndStrpSok,AULS.OOL104,,7,"[datetime.date(2019, 11, 24), datetime.date(2019, 11, 25), datetime.date(2019, 11, 26), datetime.date(2019, 11, 27), datetime.date(2019, 11, 28), datetime.date(2019, 11, 29), datetime.date(2019, 11, 30)]",1,0.0,0.0,0.0,0.0,0.0,0.0,03-Books
AULS473931420XXL-AM ADULT ABORIGINAL AUSTRALIA,AULS.OOL104,,1,"[datetime.date(2019, 11, 30)]",1,0.0357142873108387,0.6485714316368103,0.4074999988079071,0.0357142873108387,0.6485714316368103,0.4074999988079071,03-Books
AULS498187-Child Called It (updated editi,AULS.OOL101,,7,"[datetime.date(2019, 11, 24), datetime.date(2019, 11, 25), datetime.date(2019, 11, 26), datetime.date(2019, 11, 27), datetime.date(2019, 11, 28), datetime.date(2019, 11, 29), datetime.date(2019, 11, 30)]",1,0.0,0.0,0.0,0.0,0.0,0.0,03-Books
AULS485394-Wheres Wally? Games on the Go!,AULS.OOL104,,7,"[datetime.date(2019, 11, 24), datetime.date(2019, 11, 25), datetime.date(2019, 11, 26), datetime.date(2019, 11, 27), datetime.date(2019, 11, 28), datetime.date(2019, 11, 29), datetime.date(2019, 11, 30)]",1,0.06666667014360428,1.0299999713897705,0.5559999942779541,0.46666669100522995,7.2099997997283936,3.8919999599456787,03-Books
AULS501328-Stop Doing That Sh*T,AULS.TSV101,,7,"[datetime.date(2019, 11, 24), datetime.date(2019, 11, 25), datetime.date(2019, 11, 26), datetime.date(2019, 11, 27), datetime.date(2019, 11, 28), datetime.date(2019, 11, 29), datetime.date(2019, 11, 30)]",1,0.0,0.0,0.0,0.0,0.0,0.0,03-Books
AULS505477-Alphaprints Magical Creatures,AULS.OOL101,,4,"[datetime.date(2019, 11, 27), datetime.date(2019, 11, 28), datetime.date(2019, 11, 29), datetime.date(2019, 11, 30)]",1,0.07999999821186066,0.9448000192642212,0.47279998660087585,0.3199999928474426,3.7792000770568848,1.8911999464035034,03-Books
AULS465867-Truly Madly Guilty,AULS.OOL114,,3,"[datetime.date(2019, 11, 26), datetime.date(2019, 11, 27), datetime.date(2019, 11, 28)]",0,0.0625,0.965624988079071,0.5068749785423279,0.1875,2.896874964237213,1.5206249356269836,03-Books
AULS4712161-QLD StateOfOrigin Orig Ftysuit,AULS.TSV101,,7,"[datetime.date(2019, 11, 24), datetime.date(2019, 11, 25), datetime.date(2019, 11, 26), datetime.date(2019, 11, 27), datetime.date(2019, 11, 28), datetime.date(2019, 11, 29), datetime.date(2019, 11, 30)]",1,0.1666666716337204,2.765000104904175,0.11833333224058151,1.1666667014360428,19.355000734329224,0.8283333256840706,03-Books
AULS4793222XL-RLWC17 Mens AUS SS Tee GREEN,AULS.TSV101,,7,"[datetime.date(2019, 11, 24), datetime.date(2019, 11, 25), datetime.date(2019, 11, 26), datetime.date(2019, 11, 27), datetime.date(2019, 11, 28), datetime.date(2019, 11, 29), datetime.date(2019, 11, 30)]",1,0.0,0.0,0.0,0.0,0.0,0.0,03-Books
AULS500302-Talking with Serial Killers,AULS.OOL101,,2,"[datetime.date(2019, 11, 24), datetime.date(2019, 11, 25)]",0,0.4545454680919647,8.672727584838867,4.5409088134765625,0.9090909361839294,17.345455169677734,9.081817626953125,03-Books
AULS46973166518-GC2018-WOMENS HD LOGO TEE,AULS.TSV101,,7,"[datetime.date(2019, 11, 24), datetime.date(2019, 11, 25), datetime.date(2019, 11, 26), datetime.date(2019, 11, 27), datetime.date(2019, 11, 28), datetime.date(2019, 11, 29), datetime.date(2019, 11, 30)]",1,0.0,0.0,0.0,0.0,0.0,0.0,03-Books
AULS502529-Age of Conquests,AULS.OOL101,,7,"[datetime.date(2019, 11, 24), datetime.date(2019, 11, 25), datetime.date(2019, 11, 26), datetime.date(2019, 11, 27), datetime.date(2019, 11, 28), datetime.date(2019, 11, 29), datetime.date(2019, 11, 30)]",1,0.0,0.0,0.0,0.0,0.0,0.0,03-Books
AULS503693-Answering the Call,AULS.OOL101,,7,"[datetime.date(2019, 11, 24), datetime.date(2019, 11, 25), datetime.date(2019, 11, 26), datetime.date(2019, 11, 27), datetime.date(2019, 11, 28), datetime.date(2019, 11, 29), datetime.date(2019, 11, 30)]",1,0.07692307978868484,2.1669230461120605,1.1184614896774292,0.5384615585207939,15.168461322784424,7.829230427742004,03-Books
AULS505593-Jingle Bells Something Smells!,AULS.OOL101,,4,"[datetime.date(2019, 11, 27), datetime.date(2019, 11, 28), datetime.date(2019, 11, 29), datetime.date(2019, 11, 30)]",1,0.03846153989434242,0.5242307782173157,0.32769232988357544,0.1538461595773697,2.0969231128692627,1.3107693195343018,03-Books
AULS46969942012-TeamAUS-CWG KIDS HOODED SWEAT,AULS.TSV101,,7,"[datetime.date(2019, 11, 24), datetime.date(2019, 11, 25), datetime.date(2019, 11, 26), datetime.date(2019, 11, 27), datetime.date(2019, 11, 28), datetime.date(2019, 11, 29), datetime.date(2019, 11, 30)]",1,0.0,0.0,0.0,0.0,0.0,0.0,03-Books
AULS495363GREEN10Y-BBL19 MEL STARS K ONFLD JERSEY,AULS.OOL101,,7,"[datetime.date(2019, 11, 24), datetime.date(2019, 11, 25), datetime.date(2019, 11, 26), datetime.date(2019, 11, 27), datetime.date(2019, 11, 28), datetime.date(2019, 11, 29), datetime.date(2019, 11, 30)]",1,0.0,0.0,0.0,0.0,0.0,0.0,03-Books
AULS41527508508-TIDAL 3/4 CHESTNUT,AULS.OOL104,,7,"[datetime.date(2019, 11, 24), datetime.date(2019, 11, 25), datetime.date(2019, 11, 26), datetime.date(2019, 11, 27), datetime.date(2019, 11, 28), datetime.date(2019, 11, 29), datetime.date(2019, 11, 30)]",1,0.0,0.0,0.0,0.0,0.0,0.0,03-Books
AULS454657242S-Adult tee Navy Patch Grey Tee,AULS.OOL104,,7,"[datetime.date(2019, 11, 24), datetime.date(2019, 11, 25), datetime.date(2019, 11, 26), datetime.date(2019, 11, 27), datetime.date(2019, 11, 28), datetime.date(2019, 11, 29), datetime.date(2019, 11, 30)]",1,0.0,0.0,0.0,0.0,0.0,0.0,03-Books
AULS46973166516-GC2018-WOMENS HD LOGO TEE,AULS.TSV101,,7,"[datetime.date(2019, 11, 24), datetime.date(2019, 11, 25), datetime.date(2019, 11, 26), datetime.date(2019, 11, 27), datetime.date(2019, 11, 28), datetime.date(2019, 11, 29), datetime.date(2019, 11, 30)]",1,0.0,0.0,0.0,0.0,0.0,0.0,03-Books
AULS492136-Pearl #1: Pearl the Magical Un,AULS.OOL101,,2,"[datetime.date(2019, 11, 27), datetime.date(2019, 11, 28)]",0,0.0,0.0,0.0,0.0,0.0,0.0,03-Books
AULS502558-Reckoning,AULS.OOL103,,6,"[datetime.date(2019, 11, 25), datetime.date(2019, 11, 26), datetime.date(2019, 11, 27), datetime.date(2019, 11, 28), datetime.date(2019, 11, 29), datetime.date(2019, 11, 30)]",1,0.05263157933950424,1.0042104721069336,0.5684210658073425,0.31578947603702545,6.025262832641602,3.410526394844055,03-Books
AULS506473-Things We Cannot Say,AULS.TSV101,,3,"[datetime.date(2019, 11, 24), datetime.date(2019, 11, 25), datetime.date(2019, 11, 26)]",0,0.21739129722118378,4.147826194763184,2.171739101409912,0.6521738916635513,12.44347858428955,6.515217304229736,03-Books
AULS506791L-NRL Cowboys Hawaiian Shirt MEN,AULS.TSV101,,7,"[datetime.date(2019, 11, 24), datetime.date(2019, 11, 25), datetime.date(2019, 11, 26), datetime.date(2019, 11, 27), datetime.date(2019, 11, 28), datetime.date(2019, 11, 29), datetime.date(2019, 11, 30)]",1,0.0,0.0,0.0,0.0,0.0,0.0,03-Books
AULS454608041XXL-SWAGMAN CRUSHABLE HAT,AULS.OOL104,,2,"[datetime.date(2019, 11, 29), datetime.date(2019, 11, 30)]",1,0.0,0.0,0.0,0.0,0.0,0.0,03-Books
AULS456359-Mindful Leader,AULS.OOL101,,7,"[datetime.date(2019, 11, 24), datetime.date(2019, 11, 25), datetime.date(2019, 11, 26), datetime.date(2019, 11, 27), datetime.date(2019, 11, 28), datetime.date(2019, 11, 29), datetime.date(2019, 11, 30)]",1,0.0,0.0,0.0,0.0,0.0,0.0,03-Books
AULS500302-Talking with Serial Killers,AULS.OOL104,,3,"[datetime.date(2019, 11, 24), datetime.date(2019, 11, 25), datetime.date(2019, 11, 26)]",0,0.2857142984867096,5.451428413391113,2.854285717010498,0.8571428954601288,16.35428524017334,8.562857151031494,03-Books
AULS501290-See What You Made Me Do,AULS.OOL101,,4,"[datetime.date(2019, 11, 27), datetime.date(2019, 11, 28), datetime.date(2019, 11, 29), datetime.date(2019, 11, 30)]",1,0.03846153989434242,1.1884615421295166,0.6115384697914124,0.1538461595773697,4.753846168518066,2.4461538791656494,03-Books
AULS473946041S-LADIES ABORIGINAL FIRESTONE,AULS.OOL104,,3,"[datetime.date(2019, 11, 24), datetime.date(2019, 11, 25), datetime.date(2019, 11, 26)]",0,0.0,0.0,0.0,0.0,0.0,0.0,03-Books
AULS469718740L-GC2018-MENS EMBLEM TEE,AULS.TSV101,,7,"[datetime.date(2019, 11, 24), datetime.date(2019, 11, 25), datetime.date(2019, 11, 26), datetime.date(2019, 11, 27), datetime.date(2019, 11, 28), datetime.date(2019, 11, 29), datetime.date(2019, 11, 30)]",1,0.0,0.0,0.0,0.0,0.0,0.0,03-Books
AULS502014WHITE1-MG FRANKIE P TEE,AULS.OOL101,,7,"[datetime.date(2019, 11, 24), datetime.date(2019, 11, 25), datetime.date(2019, 11, 26), datetime.date(2019, 11, 27), datetime.date(2019, 11, 28), datetime.date(2019, 11, 29), datetime.date(2019, 11, 30)]",1,0.0,0.0,0.0,0.0,0.0,0.0,03-Books
AULS490498-Happiest Kids in the World,AULS.TSV101,,7,"[datetime.date(2019, 11, 24), datetime.date(2019, 11, 25), datetime.date(2019, 11, 26), datetime.date(2019, 11, 27), datetime.date(2019, 11, 28), datetime.date(2019, 11, 29), datetime.date(2019, 11, 30)]",1,0.0,0.0,0.0,0.0,0.0,0.0,03-Books
AULS501462-Toy Story 4: Activity Bag,AULS.TSV101,,7,"[datetime.date(2019, 11, 24), datetime.date(2019, 11, 25), datetime.date(2019, 11, 26), datetime.date(2019, 11, 27), datetime.date(2019, 11, 28), datetime.date(2019, 11, 29), datetime.date(2019, 11, 30)]",1,0.0,0.0,0.0,0.0,0.0,0.0,03-Books
AULS448871-LM13 Messiest Magpie Little Ma,AULS.OOL101,,7,"[datetime.date(2019, 11, 24), datetime.date(2019, 11, 25), datetime.date(2019, 11, 26), datetime.date(2019, 11, 27), datetime.date(2019, 11, 28), datetime.date(2019, 11, 29), datetime.date(2019, 11, 30)]",1,0.125,0.45500001311302185,0.24124999344348907,0.875,3.185000091791153,1.6887499541044235,03-Books
AULS4565932XL-Adults tee/Aus roo mdrn D blue,AULS.TSV101,,7,"[datetime.date(2019, 11, 24), datetime.date(2019, 11, 25), datetime.date(2019, 11, 26), datetime.date(2019, 11, 27), datetime.date(2019, 11, 28), datetime.date(2019, 11, 29), datetime.date(2019, 11, 30)]",1,0.0,0.0,0.0,0.0,0.0,0.0,03-Books
AULS498673PRINT1-MG LEO LONG SLEEVE Storytime,AULS.OOL101,,2,"[datetime.date(2019, 11, 29), datetime.date(2019, 11, 30)]",1,0.0,0.0,0.0,0.0,0.0,0.0,03-Books
AULS456220-Worlds Worst Children,AULS.OOL101,,1,"[datetime.date(2019, 11, 24)]",0,0.0,0.0,0.0,0.0,0.0,0.0,03-Books
AULS448872-LM14 Nervous Numbat Little Mat,AULS.OOL104,,3,"[datetime.date(2019, 11, 28), datetime.date(2019, 11, 29), datetime.date(2019, 11, 30)]",1,0.07692307978868484,0.3076923191547394,0.17615383863449097,0.23076923936605453,0.9230769574642181,0.5284615159034729,03-Books
AULS48331100-SUPERCARS Girls Bodysuit YLW,AULS.TSV101,,7,"[datetime.date(2019, 11, 24), datetime.date(2019, 11, 25), datetime.date(2019, 11, 26), datetime.date(2019, 11, 27), datetime.date(2019, 11, 28), datetime.date(2019, 11, 29), datetime.date(2019, 11, 30)]",1,0.10000000149011612,0.8709999918937683,-0.5789999961853027,0.7000000104308128,6.096999943256378,-4.052999973297119,03-Books
AULS486014NVYXL-W18 COWBOYS W'47 CLUBCourts LS,AULS.TSV101,,7,"[datetime.date(2019, 11, 24), datetime.date(2019, 11, 25), datetime.date(2019, 11, 26), datetime.date(2019, 11, 27), datetime.date(2019, 11, 28), datetime.date(2019, 11, 29), datetime.date(2019, 11, 30)]",1,0.0,0.0,0.0,0.0,0.0,0.0,03-Books
AULS503498-House Next Door,AULS.TSV101,,7,"[datetime.date(2019, 11, 24), datetime.date(2019, 11, 25), datetime.date(2019, 11, 26), datetime.date(2019, 11, 27), datetime.date(2019, 11, 28), datetime.date(2019, 11, 29), datetime.date(2019, 11, 30)]",1,0.0,0.0,0.0,0.0,0.0,0.0,03-Books
AULS257851-If I Am Missing Or Dead,AULS.OOL101,,7,"[datetime.date(2019, 11, 24), datetime.date(2019, 11, 25), datetime.date(2019, 11, 26), datetime.date(2019, 11, 27), datetime.date(2019, 11, 28), datetime.date(2019, 11, 29), datetime.date(2019, 11, 30)]",1,0.0,0.0,0.0,0.0,0.0,0.0,03-Books
AULS505451-Talking With Psychopaths and S,AULS.TSV101,,7,"[datetime.date(2019, 11, 24), datetime.date(2019, 11, 25), datetime.date(2019, 11, 26), datetime.date(2019, 11, 27), datetime.date(2019, 11, 28), datetime.date(2019, 11, 29), datetime.date(2019, 11, 30)]",1,0.1428571492433548,2.7257142066955566,1.427142858505249,1.0000000447034836,19.079999446868896,9.990000009536743,03-Books
AULS505483-Ruin of Kings,AULS.TSV101,,7,"[datetime.date(2019, 11, 24), datetime.date(2019, 11, 25), datetime.date(2019, 11, 26), datetime.date(2019, 11, 27), datetime.date(2019, 11, 28), datetime.date(2019, 11, 29), datetime.date(2019, 11, 30)]",1,0.10000000149011612,1.7260000705718994,0.8630000352859497,0.7000000104308128,12.082000494003296,6.041000247001648,03-Books
AULS47004171MOS-KANGAROOS SNAPBACK CAP,AULS.TSV101,,2,"[datetime.date(2019, 11, 29), datetime.date(2019, 11, 30)]",1,0.07407407462596893,0.33666667342185974,-0.79666668176651,0.14814814925193787,0.6733333468437195,-1.59333336353302,03-Books
AULS505618-Excuse Me Santa! (Plus Letter,AULS.OOL101,,5,"[datetime.date(2019, 11, 26), datetime.date(2019, 11, 27), datetime.date(2019, 11, 28), datetime.date(2019, 11, 29), datetime.date(2019, 11, 30)]",1,0.25,2.6441667079925537,1.2141666412353516,1.25,13.220833539962769,6.070833206176758,03-Books
AULS500419-Blossom Possum,AULS.OOL101,,7,"[datetime.date(2019, 11, 24), datetime.date(2019, 11, 25), datetime.date(2019, 11, 26), datetime.date(2019, 11, 27), datetime.date(2019, 11, 28), datetime.date(2019, 11, 29), datetime.date(2019, 11, 30)]",1,0.0,0.0,0.0,0.0,0.0,0.0,03-Books
AULS4833133-SUPERCARS T-Shirt Blue,AULS.TSV101,,7,"[datetime.date(2019, 11, 24), datetime.date(2019, 11, 25), datetime.date(2019, 11, 26), datetime.date(2019, 11, 27), datetime.date(2019, 11, 28), datetime.date(2019, 11, 29), datetime.date(2019, 11, 30)]",1,0.0,0.0,0.0,0.0,0.0,0.0,03-Books
AULS401141-Temple,AULS.OOL101,,7,"[datetime.date(2019, 11, 24), datetime.date(2019, 11, 25), datetime.date(2019, 11, 26), datetime.date(2019, 11, 27), datetime.date(2019, 11, 28), datetime.date(2019, 11, 29), datetime.date(2019, 11, 30)]",1,0.0,0.0,0.0,0.0,0.0,0.0,03-Books
AULS47777914-COWBOYS YOUTH REFLECT LOGO TEE,AULS.TSV101,,7,"[datetime.date(2019, 11, 24), datetime.date(2019, 11, 25), datetime.date(2019, 11, 26), datetime.date(2019, 11, 27), datetime.date(2019, 11, 28), datetime.date(2019, 11, 29), datetime.date(2019, 11, 30)]",1,0.0,0.0,0.0,0.0,0.0,0.0,03-Books
AULS501318-Those Other Women,AULS.TSV101,,7,"[datetime.date(2019, 11, 24), datetime.date(2019, 11, 25), datetime.date(2019, 11, 26), datetime.date(2019, 11, 27), datetime.date(2019, 11, 28), datetime.date(2019, 11, 29), datetime.date(2019, 11, 30)]",1,0.10526315867900848,2.008420944213867,1.0242104530334473,0.7368421107530594,14.05894660949707,7.169473171234131,03-Books
AULS503709-Minnie Mouse: Ultimate Colouri,AULS.OOL101,,4,"[datetime.date(2019, 11, 27), datetime.date(2019, 11, 28), datetime.date(2019, 11, 29), datetime.date(2019, 11, 30)]",1,0.03999999910593033,0.36320000886917114,0.2680000066757202,0.1599999964237213,1.4528000354766846,1.0720000267028809,03-Books
AULS496693PINK0-GIRLS T - ENJOY THE RIDE,AULS.OOL101,,7,"[datetime.date(2019, 11, 24), datetime.date(2019, 11, 25), datetime.date(2019, 11, 26), datetime.date(2019, 11, 27), datetime.date(2019, 11, 28), datetime.date(2019, 11, 29), datetime.date(2019, 11, 30)]",1,0.0,0.0,0.0,0.0,0.0,0.0,03-Books
AULS506090-Frozen 2: Classic Collection (,AULS.OOL101,,1,"[datetime.date(2019, 11, 30)]",1,0.1428571492433548,1.7461904287338257,0.9733332395553589,0.1428571492433548,1.7461904287338257,0.9733332395553589,03-Books
AULS46969520510-TeamAUS-CWG WOMEN LOGO T-SHIRT,AULS.TSV101,,7,"[datetime.date(2019, 11, 24), datetime.date(2019, 11, 25), datetime.date(2019, 11, 26), datetime.date(2019, 11, 27), datetime.date(2019, 11, 28), datetime.date(2019, 11, 29), datetime.date(2019, 11, 30)]",1,0.0625,0.28437501192092896,-0.8231250047683716,0.4375,1.9906250834465027,-5.761875033378601,03-Books
AULS429207-Tripwire,AULS.OOL101,,3,"[datetime.date(2019, 11, 24), datetime.date(2019, 11, 25), datetime.date(2019, 11, 26)]",0,0.0,0.0,0.0,0.0,0.0,0.0,03-Books
AULS478115-Diary of a Wimpy Kid 12: Getaw,AULS.OOL101,,1,"[datetime.date(2019, 11, 30)]",1,0.0,0.0,0.0,0.0,0.0,0.0,03-Books
AULS501364-Lost Man,AULS.OOL114,,7,"[datetime.date(2019, 11, 24), datetime.date(2019, 11, 25), datetime.date(2019, 11, 26), datetime.date(2019, 11, 27), datetime.date(2019, 11, 28), datetime.date(2019, 11, 29), datetime.date(2019, 11, 30)]",1,0.0,0.0,0.0,0.0,0.0,0.0,03-Books
AULS498158-Other Wife,AULS.OOL103,,2,"[datetime.date(2019, 11, 29), datetime.date(2019, 11, 30)]",1,0.0714285746216774,0.9735714197158813,0.5342857241630554,0.1428571492433548,1.9471428394317627,1.0685714483261108,03-Books
AULS505790-Jungle Book Classic Collection,AULS.OOL101,,1,"[datetime.date(2019, 11, 24)]",0,0.0,0.0,0.0,0.0,0.0,0.0,03-Books
AULS453927-China Rich Girlfriend,AULS.OOL101,,2,"[datetime.date(2019, 11, 24), datetime.date(2019, 11, 25)]",0,0.0,0.0,0.0,0.0,0.0,0.0,03-Books
AULS452308-Thank You - Chapter One,AULS.OOL103,,5,"[datetime.date(2019, 11, 24), datetime.date(2019, 11, 25), datetime.date(2019, 11, 26), datetime.date(2019, 11, 27), datetime.date(2019, 11, 28)]",0,0.0,0.0,0.0,0.0,0.0,0.0,03-Books
AULS489867-SIN XCL Vice Blk / Inside Prin,AULS.TSV101,,7,"[datetime.date(2019, 11, 24), datetime.date(2019, 11, 25), datetime.date(2019, 11, 26), datetime.date(2019, 11, 27), datetime.date(2019, 11, 28), datetime.date(2019, 11, 29), datetime.date(2019, 11, 30)]",1,0.0,0.0,0.0,0.0,0.0,0.0,03-Books
AULS499089-Tina Turner: My Love Story,AULS.OOL101,,7,"[datetime.date(2019, 11, 24), datetime.date(2019, 11, 25), datetime.date(2019, 11, 26), datetime.date(2019, 11, 27), datetime.date(2019, 11, 28), datetime.date(2019, 11, 29), datetime.date(2019, 11, 30)]",1,0.0,0.0,0.0,0.0,0.0,0.0,03-Books
AULS499241-Factfulness,AULS.OOL103,,2,"[datetime.date(2019, 11, 29), datetime.date(2019, 11, 30)]",1,0.0357142873108387,0.7789285778999329,0.4414285719394684,0.0714285746216774,1.5578571557998657,0.8828571438789368,03-Books
AULS4833072-SUPERCARS Short Coverall RED,AULS.TSV101,,7,"[datetime.date(2019, 11, 24), datetime.date(2019, 11, 25), datetime.date(2019, 11, 26), datetime.date(2019, 11, 27), datetime.date(2019, 11, 28), datetime.date(2019, 11, 29), datetime.date(2019, 11, 30)]",1,0.1111111119389534,0.9677777886390686,-0.6433333158493042,0.7777777835726738,6.77444452047348,-4.503333210945129,03-Books
AULS494401NIGHTS-COWBOYS W Fader'47 LETTER Tank,AULS.TSV101,,6,"[datetime.date(2019, 11, 25), datetime.date(2019, 11, 26), datetime.date(2019, 11, 27), datetime.date(2019, 11, 28), datetime.date(2019, 11, 29), datetime.date(2019, 11, 30)]",1,0.0,0.0,0.0,0.0,0.0,0.0,03-Books
AULS503720-Wombat Stew 35th Anniversary E,AULS.OOL101,,6,"[datetime.date(2019, 11, 25), datetime.date(2019, 11, 26), datetime.date(2019, 11, 27), datetime.date(2019, 11, 28), datetime.date(2019, 11, 29), datetime.date(2019, 11, 30)]",1,0.1304347813129425,1.346086859703064,0.5999999642372131,0.782608687877655,8.076521158218384,3.599999785423279,03-Books
AULS413441-William Shakespeares Star Wars,AULS.OOL101,,5,"[datetime.date(2019, 11, 26), datetime.date(2019, 11, 27), datetime.date(2019, 11, 28), datetime.date(2019, 11, 29), datetime.date(2019, 11, 30)]",1,0.03999999910593033,0.908799946308136,0.454399973154068,0.19999999552965164,4.54399973154068,2.27199986577034,03-Books
AULS428801-Pig the Pug,AULS.TSV101,,6,"[datetime.date(2019, 11, 25), datetime.date(2019, 11, 26), datetime.date(2019, 11, 27), datetime.date(2019, 11, 28), datetime.date(2019, 11, 29), datetime.date(2019, 11, 30)]",1,0.0,0.0,0.0,0.0,0.0,0.0,03-Books
AULS448869-LM11 Kindest Koala Little Mate,AULS.OOL104,,1,"[datetime.date(2019, 11, 24)]",0,0.0625,0.25,0.14374999701976776,0.0625,0.25,0.14374999701976776,03-Books
AULS473943740XXL-LADIES ABORIGINAL WATER LILIES,AULS.OOL104,,7,"[datetime.date(2019, 11, 24), datetime.date(2019, 11, 25), datetime.date(2019, 11, 26), datetime.date(2019, 11, 27), datetime.date(2019, 11, 28), datetime.date(2019, 11, 29), datetime.date(2019, 11, 30)]",1,0.0,0.0,0.0,0.0,0.0,0.0,03-Books
AULS482619-OSS #1 My New Best Friend (Oli,AULS.OOL101,,4,"[datetime.date(2019, 11, 25), datetime.date(2019, 11, 26), datetime.date(2019, 11, 27), datetime.date(2019, 11, 28)]",0,0.0,0.0,0.0,0.0,0.0,0.0,03-Books
AULS456596S-Adults tee/Ned kelly clsic Blk,AULS.TSV101,,7,"[datetime.date(2019, 11, 24), datetime.date(2019, 11, 25), datetime.date(2019, 11, 26), datetime.date(2019, 11, 27), datetime.date(2019, 11, 28), datetime.date(2019, 11, 29), datetime.date(2019, 11, 30)]",1,0.0,0.0,0.0,0.0,0.0,0.0,03-Books
AULS499228-Path Made Clear: Discovering Y,AULS.TSV101,,7,"[datetime.date(2019, 11, 24), datetime.date(2019, 11, 25), datetime.date(2019, 11, 26), datetime.date(2019, 11, 27), datetime.date(2019, 11, 28), datetime.date(2019, 11, 29), datetime.date(2019, 11, 30)]",1,0.0,0.0,0.0,0.0,0.0,0.0,03-Books
AULS219862-SP Australian Wildlife Dot to,AULS.OOL101,,7,"[datetime.date(2019, 11, 24), datetime.date(2019, 11, 25), datetime.date(2019, 11, 26), datetime.date(2019, 11, 27), datetime.date(2019, 11, 28), datetime.date(2019, 11, 29), datetime.date(2019, 11, 30)]",1,0.4444444477558136,2.0,1.1433333158493042,3.111111134290695,14.0,8.00333321094513,03-Books
AULS42211842012-(AM) KT AUST FLAG NAVY,AULS.OOL104,,3,"[datetime.date(2019, 11, 24), datetime.date(2019, 11, 25), datetime.date(2019, 11, 26)]",0,0.0,0.0,0.0,0.0,0.0,0.0,03-Books
AULS452577-Shopkins Activity Bag,AULS.OOL101,,7,"[datetime.date(2019, 11, 24), datetime.date(2019, 11, 25), datetime.date(2019, 11, 26), datetime.date(2019, 11, 27), datetime.date(2019, 11, 28), datetime.date(2019, 11, 29), datetime.date(2019, 11, 30)]",1,0.1111111119389534,1.008888840675354,0.7333333492279053,0.7777777835726738,7.062221884727478,5.133333444595337,03-Books
AULS498665NAVY6-HOODY APP SHARK,AULS.OOL101,,4,"[datetime.date(2019, 11, 27), datetime.date(2019, 11, 28), datetime.date(2019, 11, 29), datetime.date(2019, 11, 30)]",1,0.0,0.0,0.0,0.0,0.0,0.0,03-Books
AULS4712160-QLD StateOfOrigin Orig Ftysuit,AULS.TSV101,,5,"[datetime.date(2019, 11, 26), datetime.date(2019, 11, 27), datetime.date(2019, 11, 28), datetime.date(2019, 11, 29), datetime.date(2019, 11, 30)]",1,0.0833333358168602,1.3825000524520874,0.059166666120290756,0.416666679084301,6.912500262260437,0.2958333306014538,03-Books
AULS4753202XL-NthQLDCowboysScript47ScrumTee,AULS.TSV101,,7,"[datetime.date(2019, 11, 24), datetime.date(2019, 11, 25), datetime.date(2019, 11, 26), datetime.date(2019, 11, 27), datetime.date(2019, 11, 28), datetime.date(2019, 11, 29), datetime.date(2019, 11, 30)]",1,0.0,0.0,0.0,0.0,0.0,0.0,03-Books
AULS503487-Surrounded by Idiots,AULS.TSV101,,7,"[datetime.date(2019, 11, 24), datetime.date(2019, 11, 25), datetime.date(2019, 11, 26), datetime.date(2019, 11, 27), datetime.date(2019, 11, 28), datetime.date(2019, 11, 29), datetime.date(2019, 11, 30)]",1,0.05882352963089943,1.3899999856948853,0.7217647433280945,0.411764707416296,9.729999899864197,5.052353203296661,03-Books
AULS438522-Sapiens,AULS.OOL114,,4,"[datetime.date(2019, 11, 25), datetime.date(2019, 11, 26), datetime.date(2019, 11, 27), datetime.date(2019, 11, 28)]",0,0.07999999821186066,1.817599892616272,0.9991999864578247,0.3199999928474426,7.270399570465088,3.996799945831299,03-Books
AULS501193BLUTR00-Zip Growsuit,AULS.OOL101,,7,"[datetime.date(2019, 11, 24), datetime.date(2019, 11, 25), datetime.date(2019, 11, 26), datetime.date(2019, 11, 27), datetime.date(2019, 11, 28), datetime.date(2019, 11, 29), datetime.date(2019, 11, 30)]",1,0.0,0.0,0.0,0.0,0.0,0.0,03-Books
AULS4565842-Kids T/shirt TSV scenic BLK,AULS.TSV101,,7,"[datetime.date(2019, 11, 24), datetime.date(2019, 11, 25), datetime.date(2019, 11, 26), datetime.date(2019, 11, 27), datetime.date(2019, 11, 28), datetime.date(2019, 11, 29), datetime.date(2019, 11, 30)]",1,0.0,0.0,0.0,0.0,0.0,0.0,03-Books
AULS4631700855-WR UGG CLASSIC BUTTON BOOTS,AULS.OOL101,,7,"[datetime.date(2019, 11, 24), datetime.date(2019, 11, 25), datetime.date(2019, 11, 26), datetime.date(2019, 11, 27), datetime.date(2019, 11, 28), datetime.date(2019, 11, 29), datetime.date(2019, 11, 30)]",1,0.0,0.0,0.0,0.0,0.0,0.0,03-Books
AULS438533-Personal,AULS.OOL101,,7,"[datetime.date(2019, 11, 24), datetime.date(2019, 11, 25), datetime.date(2019, 11, 26), datetime.date(2019, 11, 27), datetime.date(2019, 11, 28), datetime.date(2019, 11, 29), datetime.date(2019, 11, 30)]",1,0.0,0.0,0.0,0.0,0.0,0.0,03-Books
AULS503626-How to Make a Difference,AULS.OOL101,,7,"[datetime.date(2019, 11, 24), datetime.date(2019, 11, 25), datetime.date(2019, 11, 26), datetime.date(2019, 11, 27), datetime.date(2019, 11, 28), datetime.date(2019, 11, 29), datetime.date(2019, 11, 30)]",1,0.07692307978868484,2.376923084259033,1.2230769395828247,0.5384615585207939,16.638461589813232,8.561538577079773,03-Books
AULS46973166512-GC2018-WOMENS HD LOGO TEE,AULS.TSV101,,7,"[datetime.date(2019, 11, 24), datetime.date(2019, 11, 25), datetime.date(2019, 11, 26), datetime.date(2019, 11, 27), datetime.date(2019, 11, 28), datetime.date(2019, 11, 29), datetime.date(2019, 11, 30)]",1,0.0,0.0,0.0,0.0,0.0,0.0,03-Books
AULS448863-LM5 Energetic Emu Little Mates,AULS.OOL104,,7,"[datetime.date(2019, 11, 24), datetime.date(2019, 11, 25), datetime.date(2019, 11, 26), datetime.date(2019, 11, 27), datetime.date(2019, 11, 28), datetime.date(2019, 11, 29), datetime.date(2019, 11, 30)]",1,0.0,0.0,0.0,0.0,0.0,0.0,03-Books
AULS473593-Scarf Leopard Mid Gr/Lt Grey,AULS.OOL104,,7,"[datetime.date(2019, 11, 24), datetime.date(2019, 11, 25), datetime.date(2019, 11, 26), datetime.date(2019, 11, 27), datetime.date(2019, 11, 28), datetime.date(2019, 11, 29), datetime.date(2019, 11, 30)]",1,0.0,0.0,0.0,0.0,0.0,0.0,03-Books
AULS496503-Happiness Plan,AULS.OOL101,,7,"[datetime.date(2019, 11, 24), datetime.date(2019, 11, 25), datetime.date(2019, 11, 26), datetime.date(2019, 11, 27), datetime.date(2019, 11, 28), datetime.date(2019, 11, 29), datetime.date(2019, 11, 30)]",1,0.1428571492433548,2.4657142162323,1.3185713291168213,1.0000000447034836,17.2599995136261,9.229999303817749,03-Books
AULS448878-LM20 Ticklish Tasmanian Devil,AULS.OOL101,,7,"[datetime.date(2019, 11, 24), datetime.date(2019, 11, 25), datetime.date(2019, 11, 26), datetime.date(2019, 11, 27), datetime.date(2019, 11, 28), datetime.date(2019, 11, 29), datetime.date(2019, 11, 30)]",1,0.13333334028720856,0.4853333532810211,0.25866666436195374,0.9333333820104599,3.397333472967148,1.8106666505336761,03-Books
AULS495348BLUE14Y-BBL19 BNE HEAT K ONFLD JERSEY,AULS.OOL101,,7,"[datetime.date(2019, 11, 24), datetime.date(2019, 11, 25), datetime.date(2019, 11, 26), datetime.date(2019, 11, 27), datetime.date(2019, 11, 28), datetime.date(2019, 11, 29), datetime.date(2019, 11, 30)]",1,0.0,0.0,0.0,0.0,0.0,0.0,03-Books
AULS328313-Adventures of Huckleberry Finn,AULS.OOL101,,7,"[datetime.date(2019, 11, 24), datetime.date(2019, 11, 25), datetime.date(2019, 11, 26), datetime.date(2019, 11, 27), datetime.date(2019, 11, 28), datetime.date(2019, 11, 29), datetime.date(2019, 11, 30)]",1,0.0,0.0,0.0,0.0,0.0,0.0,03-Books
AULS389778-Mighty Avengers Activity Fun B,AULS.OOL101,,7,"[datetime.date(2019, 11, 24), datetime.date(2019, 11, 25), datetime.date(2019, 11, 26), datetime.date(2019, 11, 27), datetime.date(2019, 11, 28), datetime.date(2019, 11, 29), datetime.date(2019, 11, 30)]",1,0.0,0.0,0.0,0.0,0.0,0.0,03-Books
AULS479677-MERINO REVERSIBLE WRAP-GREY,AULS.OOL104,,5,"[datetime.date(2019, 11, 24), datetime.date(2019, 11, 25), datetime.date(2019, 11, 26), datetime.date(2019, 11, 27), datetime.date(2019, 11, 28)]",0,0.0,0.0,0.0,0.0,0.0,0.0,03-Books
AULS502013PRINT1-MG LUNA LEGGING,AULS.OOL101,,7,"[datetime.date(2019, 11, 24), datetime.date(2019, 11, 25), datetime.date(2019, 11, 26), datetime.date(2019, 11, 27), datetime.date(2019, 11, 28), datetime.date(2019, 11, 29), datetime.date(2019, 11, 30)]",1,0.0,0.0,0.0,0.0,0.0,0.0,03-Books
AULS209900-SP Australian Wildlife,AULS.OOL101,,5,"[datetime.date(2019, 11, 26), datetime.date(2019, 11, 27), datetime.date(2019, 11, 28), datetime.date(2019, 11, 29), datetime.date(2019, 11, 30)]",1,0.0,0.0,0.0,0.0,0.0,0.0,03-Books
AULS44785424208-BOYS T ANIMALS D/UNDER SLV,AULS.OOL101,,7,"[datetime.date(2019, 11, 24), datetime.date(2019, 11, 25), datetime.date(2019, 11, 26), datetime.date(2019, 11, 27), datetime.date(2019, 11, 28), datetime.date(2019, 11, 29), datetime.date(2019, 11, 30)]",1,0.0,0.0,0.0,0.0,0.0,0.0,03-Books
AULS494401NIGHTM-COWBOYS W Fader'47 LETTER Tank,AULS.TSV101,,7,"[datetime.date(2019, 11, 24), datetime.date(2019, 11, 25), datetime.date(2019, 11, 26), datetime.date(2019, 11, 27), datetime.date(2019, 11, 28), datetime.date(2019, 11, 29), datetime.date(2019, 11, 30)]",1,0.0,0.0,0.0,0.0,0.0,0.0,03-Books
AULS503599-Psychedelic Apes,AULS.OOL101,,5,"[datetime.date(2019, 11, 24), datetime.date(2019, 11, 25), datetime.date(2019, 11, 26), datetime.date(2019, 11, 27), datetime.date(2019, 11, 28)]",0,0.1666666716337204,4.99833345413208,2.5,0.833333358168602,24.9916672706604,12.5,03-Books
AULS504828-Thomas the Tank Engine: Happy,AULS.OOL101,,1,"[datetime.date(2019, 11, 30)]",1,0.1071428582072258,1.4603570699691772,0.7307143211364746,0.1071428582072258,1.4603570699691772,0.7307143211364746,03-Books
AULS505419-Fabulous Bouvier Sisters,AULS.OOL101,,4,"[datetime.date(2019, 11, 27), datetime.date(2019, 11, 28), datetime.date(2019, 11, 29), datetime.date(2019, 11, 30)]",1,0.2800000011920929,6.616399765014648,3.340399980545044,1.1200000047683716,26.465599060058594,13.361599922180176,03-Books
AULS506479-Acid For The Children,AULS.OOL114,,2,"[datetime.date(2019, 11, 24), datetime.date(2019, 11, 25)]",0,0.1764705926179886,5.452940940856934,2.805882215499878,0.3529411852359772,10.905881881713867,5.611764430999756,03-Books
AULS45658512-Kids T/shirt TSV scn R. Blue,AULS.TSV101,,7,"[datetime.date(2019, 11, 24), datetime.date(2019, 11, 25), datetime.date(2019, 11, 26), datetime.date(2019, 11, 27), datetime.date(2019, 11, 28), datetime.date(2019, 11, 29), datetime.date(2019, 11, 30)]",1,0.0,0.0,0.0,0.0,0.0,0.0,03-Books
AULS402812041L-MENS T - COMBI TYPE,AULS.OOL101,,2,"[datetime.date(2019, 11, 24), datetime.date(2019, 11, 25)]",0,0.4444444477558136,8.272777557373047,4.345556259155273,0.8888888955116272,16.545555114746094,8.691112518310547,03-Books
AULS469718740S-GC2018-MENS EMBLEM TEE,AULS.TSV101,,7,"[datetime.date(2019, 11, 24), datetime.date(2019, 11, 25), datetime.date(2019, 11, 26), datetime.date(2019, 11, 27), datetime.date(2019, 11, 28), datetime.date(2019, 11, 29), datetime.date(2019, 11, 30)]",1,0.0,0.0,0.0,0.0,0.0,0.0,03-Books
AULS473931420M-AM ADULT ABORIGINAL AUSTRALIA,AULS.OOL104,,6,"[datetime.date(2019, 11, 25), datetime.date(2019, 11, 26), datetime.date(2019, 11, 27), datetime.date(2019, 11, 28), datetime.date(2019, 11, 29), datetime.date(2019, 11, 30)]",1,0.043478261679410934,0.7891303896903992,0.4956521689891815,0.2608695700764656,4.734782338142395,2.973913013935089,03-Books
AULS504064-Danger Close FTI,AULS.OOL101,,7,"[datetime.date(2019, 11, 24), datetime.date(2019, 11, 25), datetime.date(2019, 11, 26), datetime.date(2019, 11, 27), datetime.date(2019, 11, 28), datetime.date(2019, 11, 29), datetime.date(2019, 11, 30)]",1,0.07692307978868484,1.6776922941207886,0.8738461136817932,0.5384615585207939,11.74384605884552,6.1169227957725525,03-Books
AULS498017NVYGDS-NRL19 COWBOYS M SLEEVLS HOODY,AULS.TSV101,,7,"[datetime.date(2019, 11, 24), datetime.date(2019, 11, 25), datetime.date(2019, 11, 26), datetime.date(2019, 11, 27), datetime.date(2019, 11, 28), datetime.date(2019, 11, 29), datetime.date(2019, 11, 30)]",1,0.0,0.0,0.0,0.0,0.0,0.0,03-Books
AULS499185-Forgotten Child,AULS.OOL104,,2,"[datetime.date(2019, 11, 29), datetime.date(2019, 11, 30)]",1,0.03703703731298447,0.7066666483879089,0.36037036776542664,0.07407407462596893,1.4133332967758179,0.7207407355308533,03-Books
AULS426995-Weirdo #2: Even Weirder!,AULS.OOL101,,4,"[datetime.date(2019, 11, 27), datetime.date(2019, 11, 28), datetime.date(2019, 11, 29), datetime.date(2019, 11, 30)]",1,0.0,0.0,0.0,0.0,0.0,0.0,03-Books
AULS501207GREY6-12M-3 sock pack,AULS.OOL101,,2,"[datetime.date(2019, 11, 29), datetime.date(2019, 11, 30)]",1,0.0,0.0,0.0,0.0,0.0,0.0,03-Books
AULS448861-LM3 Cuddliest Cockatoo Little,AULS.OOL101,,7,"[datetime.date(2019, 11, 24), datetime.date(2019, 11, 25), datetime.date(2019, 11, 26), datetime.date(2019, 11, 27), datetime.date(2019, 11, 28), datetime.date(2019, 11, 29), datetime.date(2019, 11, 30)]",1,0.0714285746216774,0.2600000202655792,0.13857142627239227,0.5000000223517418,1.8200001418590546,0.9699999839067459,03-Books
AULS462222050R-Baby ALPACA /Wool TWD,AULS.OOL104,,7,"[datetime.date(2019, 11, 24), datetime.date(2019, 11, 25), datetime.date(2019, 11, 26), datetime.date(2019, 11, 27), datetime.date(2019, 11, 28), datetime.date(2019, 11, 29), datetime.date(2019, 11, 30)]",1,0.0,0.0,0.0,0.0,0.0,0.0,03-Books
AULS500527-This One Life,AULS.OOL101,,5,"[datetime.date(2019, 11, 26), datetime.date(2019, 11, 27), datetime.date(2019, 11, 28), datetime.date(2019, 11, 29), datetime.date(2019, 11, 30)]",1,0.11999999731779099,3.3767998218536377,1.742400050163269,0.5999999865889549,16.88399910926819,8.712000250816345,03-Books
AULS501212GRSPS0000-2 pack bodysuits,AULS.OOL101,,7,"[datetime.date(2019, 11, 24), datetime.date(2019, 11, 25), datetime.date(2019, 11, 26), datetime.date(2019, 11, 27), datetime.date(2019, 11, 28), datetime.date(2019, 11, 29), datetime.date(2019, 11, 30)]",1,0.0,0.0,0.0,0.0,0.0,0.0,03-Books
AULS503710-Bedtime Storybook: Disney Pixa,AULS.OOL101,,7,"[datetime.date(2019, 11, 24), datetime.date(2019, 11, 25), datetime.date(2019, 11, 26), datetime.date(2019, 11, 27), datetime.date(2019, 11, 28), datetime.date(2019, 11, 29), datetime.date(2019, 11, 30)]",1,0.0,0.0,0.0,0.0,0.0,0.0,03-Books
AULS45667205921-Aussie Soles Kids Star BLU GRN,AULS.TSV101,,7,"[datetime.date(2019, 11, 24), datetime.date(2019, 11, 25), datetime.date(2019, 11, 26), datetime.date(2019, 11, 27), datetime.date(2019, 11, 28), datetime.date(2019, 11, 29), datetime.date(2019, 11, 30)]",1,0.0,0.0,0.0,0.0,0.0,0.0,03-Books
AULS388537-If Youre Happy and You Know It,AULS.OOL101,,2,"[datetime.date(2019, 11, 29), datetime.date(2019, 11, 30)]",1,0.25925925374031067,2.811481237411499,1.3499999046325684,0.5185185074806213,5.622962474822998,2.6999998092651367,03-Books
AULS469724205L-GC2018-MEN 1C EMBLEMPIQUE POLO,AULS.TSV101,,7,"[datetime.date(2019, 11, 24), datetime.date(2019, 11, 25), datetime.date(2019, 11, 26), datetime.date(2019, 11, 27), datetime.date(2019, 11, 28), datetime.date(2019, 11, 29), datetime.date(2019, 11, 30)]",1,0.0,0.0,0.0,0.0,0.0,0.0,03-Books
AULS429209-Without Fail,AULS.OOL101,,7,"[datetime.date(2019, 11, 24), datetime.date(2019, 11, 25), datetime.date(2019, 11, 26), datetime.date(2019, 11, 27), datetime.date(2019, 11, 28), datetime.date(2019, 11, 29), datetime.date(2019, 11, 30)]",1,0.0,0.0,0.0,0.0,0.0,0.0,03-Books
AULS4743620414-(AM) G.C. INCONS,AULS.OOL104,,7,"[datetime.date(2019, 11, 24), datetime.date(2019, 11, 25), datetime.date(2019, 11, 26), datetime.date(2019, 11, 27), datetime.date(2019, 11, 28), datetime.date(2019, 11, 29), datetime.date(2019, 11, 30)]",1,0.10000000149011612,1.5549999475479126,1.0299999713897705,0.7000000104308128,10.884999632835388,7.2099997997283936,03-Books
AULS476828-Peppa Visits the Great Barrier,AULS.TSV101,,5,"[datetime.date(2019, 11, 26), datetime.date(2019, 11, 27), datetime.date(2019, 11, 28), datetime.date(2019, 11, 29), datetime.date(2019, 11, 30)]",1,0.0,0.0,0.0,0.0,0.0,0.0,03-Books
AULS489671SNOWXL-W ZIP HOODY HARVEST SNOW MARLE,AULS.OOL101,,7,"[datetime.date(2019, 11, 24), datetime.date(2019, 11, 25), datetime.date(2019, 11, 26), datetime.date(2019, 11, 27), datetime.date(2019, 11, 28), datetime.date(2019, 11, 29), datetime.date(2019, 11, 30)]",1,0.0,0.0,0.0,0.0,0.0,0.0,03-Books
AULS505479-Good Habits Bad Habits,AULS.OOL101,,2,"[datetime.date(2019, 11, 29), datetime.date(2019, 11, 30)]",1,0.03703703731298447,1.1107407808303833,0.5551851987838745,0.07407407462596893,2.2214815616607666,1.110370397567749,03-Books
AULS448863-LM5 Energetic Emu Little Mates,AULS.OOL101,,7,"[datetime.date(2019, 11, 24), datetime.date(2019, 11, 25), datetime.date(2019, 11, 26), datetime.date(2019, 11, 27), datetime.date(2019, 11, 28), datetime.date(2019, 11, 29), datetime.date(2019, 11, 30)]",1,0.10000000149011612,0.4090000092983246,0.23899999260902405,0.7000000104308128,2.863000065088272,1.6729999482631683,03-Books
AULS466176019S-WOOL BAMBOO BLEND,AULS.OOL104,,7,"[datetime.date(2019, 11, 24), datetime.date(2019, 11, 25), datetime.date(2019, 11, 26), datetime.date(2019, 11, 27), datetime.date(2019, 11, 28), datetime.date(2019, 11, 29), datetime.date(2019, 11, 30)]",1,0.0,0.0,0.0,0.0,0.0,0.0,03-Books
AULS5052388-NRL Cowboys Fishing Shirt,AULS.TSV101,,7,"[datetime.date(2019, 11, 24), datetime.date(2019, 11, 25), datetime.date(2019, 11, 26), datetime.date(2019, 11, 27), datetime.date(2019, 11, 28), datetime.date(2019, 11, 29), datetime.date(2019, 11, 30)]",1,0.0,0.0,0.0,0.0,0.0,0.0,03-Books
AULS448870-LM12 Laziest Lizard Little Mat,AULS.OOL101,,7,"[datetime.date(2019, 11, 24), datetime.date(2019, 11, 25), datetime.date(2019, 11, 26), datetime.date(2019, 11, 27), datetime.date(2019, 11, 28), datetime.date(2019, 11, 29), datetime.date(2019, 11, 30)]",1,0.15000000596046448,0.5460000038146973,0.2904999852180481,1.0500000417232513,3.822000026702881,2.0334998965263367,03-Books
AULS436071-Three Wishes (new jacket),AULS.OOL101,,5,"[datetime.date(2019, 11, 24), datetime.date(2019, 11, 25), datetime.date(2019, 11, 26), datetime.date(2019, 11, 27), datetime.date(2019, 11, 28)]",0,0.0714285746216774,1.1035714149475098,0.5578571557998657,0.357142873108387,5.517857074737549,2.7892857789993286,03-Books
AULS452575-Weirdo:#6 Crazy Weird,AULS.OOL101,,7,"[datetime.date(2019, 11, 24), datetime.date(2019, 11, 25), datetime.date(2019, 11, 26), datetime.date(2019, 11, 27), datetime.date(2019, 11, 28), datetime.date(2019, 11, 29), datetime.date(2019, 11, 30)]",1,0.0,0.0,0.0,0.0,0.0,0.0,03-Books
AULS497384-Easy Keto,AULS.OOL101,,6,"[datetime.date(2019, 11, 25), datetime.date(2019, 11, 26), datetime.date(2019, 11, 27), datetime.date(2019, 11, 28), datetime.date(2019, 11, 29), datetime.date(2019, 11, 30)]",1,0.08695652335882187,1.9756520986557007,0.9878260493278503,0.5217391401529312,11.853912591934204,5.926956295967102,03-Books
AULS505617-Twas the Fart Before Christmas,AULS.OOL101,,7,"[datetime.date(2019, 11, 24), datetime.date(2019, 11, 25), datetime.date(2019, 11, 26), datetime.date(2019, 11, 27), datetime.date(2019, 11, 28), datetime.date(2019, 11, 29), datetime.date(2019, 11, 30)]",1,0.29411765933036804,3.1435294151306152,1.4611765146255493,2.0588236153125763,22.004705905914307,10.228235602378845,03-Books
AULS381068-Cap Ladies Teal AUS,AULS.OOL101,,7,"[datetime.date(2019, 11, 24), datetime.date(2019, 11, 25), datetime.date(2019, 11, 26), datetime.date(2019, 11, 27), datetime.date(2019, 11, 28), datetime.date(2019, 11, 29), datetime.date(2019, 11, 30)]",1,0.05000000074505806,1.1359999179840088,0.7384999990463257,0.3500000052154064,7.9519994258880615,5.16949999332428,03-Books
AULS493105-Bad Guys Episode 8: Superbad,AULS.OOL104,,4,"[datetime.date(2019, 11, 24), datetime.date(2019, 11, 28), datetime.date(2019, 11, 29), datetime.date(2019, 11, 30)]",1,0.0,0.0,0.0,0.0,0.0,0.0,03-Books
AULS496491-Grain Brain (Revised & Updated,AULS.TSV101,,7,"[datetime.date(2019, 11, 24), datetime.date(2019, 11, 25), datetime.date(2019, 11, 26), datetime.date(2019, 11, 27), datetime.date(2019, 11, 28), datetime.date(2019, 11, 29), datetime.date(2019, 11, 30)]",1,0.0,0.0,0.0,0.0,0.0,0.0,03-Books
AULS502645-Spiderman: Ultimate Colouring,AULS.OOL101,,1,"[datetime.date(2019, 11, 27)]",0,0.0,0.0,0.0,0.0,0.0,0.0,03-Books
AULS505244-LP Best of Tokyo 2020,AULS.OOL101,,4,"[datetime.date(2019, 11, 24), datetime.date(2019, 11, 25), datetime.date(2019, 11, 26), datetime.date(2019, 11, 27)]",0,0.1111111119389534,3.130000114440918,1.6155555248260498,0.4444444477558136,12.520000457763672,6.462222099304199,03-Books
AULS456837-Scarf Red Check,AULS.OOL104,,7,"[datetime.date(2019, 11, 24), datetime.date(2019, 11, 25), datetime.date(2019, 11, 26), datetime.date(2019, 11, 27), datetime.date(2019, 11, 28), datetime.date(2019, 11, 29), datetime.date(2019, 11, 30)]",1,0.0,0.0,0.0,0.0,0.0,0.0,03-Books
AULS505616-When Santa Got Stuck Up the Ch,AULS.OOL101,,3,"[datetime.date(2019, 11, 28), datetime.date(2019, 11, 29), datetime.date(2019, 11, 30)]",1,0.1428571492433548,1.9471428394317627,1.0385714769363403,0.4285714477300644,5.841428518295288,3.115714430809021,03-Books
AULS506456-My Story: Schapelle Corby,AULS.TSV101,,2,"[datetime.date(2019, 11, 25), datetime.date(2019, 11, 26)]",0,0.2222222238779068,6.0577778816223145,3.0285186767578125,0.4444444477558136,12.115555763244629,6.057037353515625,03-Books
AULS434113-BABYBOYRMPR KOALAKANGAWHITE1,AULS.OOL101,,2,"[datetime.date(2019, 11, 24), datetime.date(2019, 11, 25)]",0,0.0,0.0,0.0,0.0,0.0,0.0,03-Books
AULS504777-Last Word,AULS.OOL101,,5,"[datetime.date(2019, 11, 26), datetime.date(2019, 11, 27), datetime.date(2019, 11, 28), datetime.date(2019, 11, 29), datetime.date(2019, 11, 30)]",1,0.0,0.0,0.0,0.0,0.0,0.0,03-Books
AULS503037-It Starts with Passion (Be You,AULS.OOL101,,7,"[datetime.date(2019, 11, 24), datetime.date(2019, 11, 25), datetime.date(2019, 11, 26), datetime.date(2019, 11, 27), datetime.date(2019, 11, 28), datetime.date(2019, 11, 29), datetime.date(2019, 11, 30)]",1,0.0,0.0,0.0,0.0,0.0,0.0,03-Books
AULS501306-Whos Minding the Farm?,AULS.TSV101,,7,"[datetime.date(2019, 11, 24), datetime.date(2019, 11, 25), datetime.date(2019, 11, 26), datetime.date(2019, 11, 27), datetime.date(2019, 11, 28), datetime.date(2019, 11, 29), datetime.date(2019, 11, 30)]",1,0.0476190485060215,1.558571457862854,0.8009523749351501,0.3333333395421505,10.910000205039978,5.606666624546051,03-Books
AULS504696-Pact (new cover),AULS.TSV101,,7,"[datetime.date(2019, 11, 24), datetime.date(2019, 11, 25), datetime.date(2019, 11, 26), datetime.date(2019, 11, 27), datetime.date(2019, 11, 28), datetime.date(2019, 11, 29), datetime.date(2019, 11, 30)]",1,0.0,0.0,0.0,0.0,0.0,0.0,03-Books
AULS494816-How to Make Gravy,AULS.OOL101,,3,"[datetime.date(2019, 11, 28), datetime.date(2019, 11, 29), datetime.date(2019, 11, 30)]",1,0.0,0.0,0.0,0.0,0.0,0.0,03-Books
AULS497354-Revenge: Widows 2,AULS.OOL101,,1,"[datetime.date(2019, 11, 26)]",0,0.0,0.0,0.0,0.0,0.0,0.0,03-Books
AULS4555842-QLD Reds Original,AULS.TSV101,,7,"[datetime.date(2019, 11, 24), datetime.date(2019, 11, 25), datetime.date(2019, 11, 26), datetime.date(2019, 11, 27), datetime.date(2019, 11, 28), datetime.date(2019, 11, 29), datetime.date(2019, 11, 30)]",1,0.0,0.0,0.0,0.0,0.0,0.0,03-Books
AULS441872-ILOVE CAP RND BADGE  KA,AULS.OOL104,,5,"[datetime.date(2019, 11, 24), datetime.date(2019, 11, 25), datetime.date(2019, 11, 26), datetime.date(2019, 11, 27), datetime.date(2019, 11, 28)]",0,0.5,6.25,4.0,2.5,31.25,20.0,03-Books
AULS448867-LM9 Inquisitive Ibis Little Ma,AULS.OOL104,,1,"[datetime.date(2019, 11, 24)]",0,0.0,0.0,0.0,0.0,0.0,0.0,03-Books
AULS46206106-NRL Cowboys Footysuit Onesie,AULS.TSV101,,6,"[datetime.date(2019, 11, 24), datetime.date(2019, 11, 25), datetime.date(2019, 11, 26), datetime.date(2019, 11, 27), datetime.date(2019, 11, 28), datetime.date(2019, 11, 29)]",0,0.07692307978868484,1.7461539506912231,0.0,0.46153847873210907,10.476923704147339,0.0,03-Books
AULS46206112-NRL Cowboys Footysuit Onesie,AULS.TSV101,,5,"[datetime.date(2019, 11, 26), datetime.date(2019, 11, 27), datetime.date(2019, 11, 28), datetime.date(2019, 11, 29), datetime.date(2019, 11, 30)]",1,0.0416666679084301,0.9458333849906921,0.0,0.2083333395421505,4.729166924953461,0.0,03-Books
AULS486013GREYXL-W18 COWBOYSArcScript'47 Raglan,AULS.TSV101,,5,"[datetime.date(2019, 11, 26), datetime.date(2019, 11, 27), datetime.date(2019, 11, 28), datetime.date(2019, 11, 29), datetime.date(2019, 11, 30)]",1,0.0416666679084301,1.1358333826065063,-0.11416666954755783,0.2083333395421505,5.679166913032532,-0.5708333477377892,03-Books
AULS478852-LP The World 2,AULS.OOL101,,7,"[datetime.date(2019, 11, 24), datetime.date(2019, 11, 25), datetime.date(2019, 11, 26), datetime.date(2019, 11, 27), datetime.date(2019, 11, 28), datetime.date(2019, 11, 29), datetime.date(2019, 11, 30)]",1,0.0,0.0,0.0,0.0,0.0,0.0,03-Books
AULS486455-Simon Sidebottom 1: A Funny Th,AULS.OOL104,,3,"[datetime.date(2019, 11, 28), datetime.date(2019, 11, 29), datetime.date(2019, 11, 30)]",1,0.03703703731298447,0.33629629015922546,0.20851851999759674,0.1111111119389534,1.0088888704776764,0.6255555599927902,03-Books
AULS473598-Scarf Red Stripe,AULS.OOL104,,7,"[datetime.date(2019, 11, 24), datetime.date(2019, 11, 25), datetime.date(2019, 11, 26), datetime.date(2019, 11, 27), datetime.date(2019, 11, 28), datetime.date(2019, 11, 29), datetime.date(2019, 11, 30)]",1,0.0,0.0,0.0,0.0,0.0,0.0,03-Books
AULS501395-In a House of Lies,AULS.OOL114,,7,"[datetime.date(2019, 11, 24), datetime.date(2019, 11, 25), datetime.date(2019, 11, 26), datetime.date(2019, 11, 27), datetime.date(2019, 11, 28), datetime.date(2019, 11, 29), datetime.date(2019, 11, 30)]",1,0.0625,1.1924999952316284,0.6700000166893005,0.4375,8.347499966621399,4.690000116825104,03-Books
AULS473946041L-LADIES ABORIGINAL FIRESTONE,AULS.OOL104,,3,"[datetime.date(2019, 11, 28), datetime.date(2019, 11, 29), datetime.date(2019, 11, 30)]",1,0.07692307978868484,1.745384693145752,1.1299999952316284,0.23076923936605453,5.236154079437256,3.3899999856948853,03-Books
AULS485002S-G WETSHIRT SET UNDERTHESEAMERM,AULS.OOL101,,3,"[datetime.date(2019, 11, 28), datetime.date(2019, 11, 29), datetime.date(2019, 11, 30)]",1,0.03846153989434242,1.0484615564346313,0.3492307662963867,0.11538461968302727,3.145384669303894,1.0476922988891602,03-Books
AULS501357-Brain,AULS.OOL101,,7,"[datetime.date(2019, 11, 24), datetime.date(2019, 11, 25), datetime.date(2019, 11, 26), datetime.date(2019, 11, 27), datetime.date(2019, 11, 28), datetime.date(2019, 11, 29), datetime.date(2019, 11, 30)]",1,0.0,0.0,0.0,0.0,0.0,0.0,03-Books
AULS473944740L-LADIES ABORIGINAL CROW WOMEN,AULS.OOL104,,3,"[datetime.date(2019, 11, 24), datetime.date(2019, 11, 25), datetime.date(2019, 11, 26)]",0,0.0,0.0,0.0,0.0,0.0,0.0,03-Books
AULS474942M-Mac Jckt  Adult Fossil,AULS.OOL101,,7,"[datetime.date(2019, 11, 24), datetime.date(2019, 11, 25), datetime.date(2019, 11, 26), datetime.date(2019, 11, 27), datetime.date(2019, 11, 28), datetime.date(2019, 11, 29), datetime.date(2019, 11, 30)]",1,0.0,0.0,0.0,0.0,0.0,0.0,03-Books
AULS501375-Robin,AULS.OOL101,,5,"[datetime.date(2019, 11, 24), datetime.date(2019, 11, 25), datetime.date(2019, 11, 26), datetime.date(2019, 11, 27), datetime.date(2019, 11, 28)]",0,0.20000000298023224,3.452000141143799,1.7260000705718994,1.0000000149011612,17.260000705718994,8.630000352859497,03-Books
AULS502661-Lead the Room,AULS.OOL101,,7,"[datetime.date(2019, 11, 24), datetime.date(2019, 11, 25), datetime.date(2019, 11, 26), datetime.date(2019, 11, 27), datetime.date(2019, 11, 28), datetime.date(2019, 11, 29), datetime.date(2019, 11, 30)]",1,0.0,0.0,0.0,0.0,0.0,0.0,03-Books
AULS456592L-Adults tee /Croc hunter BLK,AULS.TSV101,,7,"[datetime.date(2019, 11, 24), datetime.date(2019, 11, 25), datetime.date(2019, 11, 26), datetime.date(2019, 11, 27), datetime.date(2019, 11, 28), datetime.date(2019, 11, 29), datetime.date(2019, 11, 30)]",1,0.0,0.0,0.0,0.0,0.0,0.0,03-Books
AULS505619-Wheres Santa? Out of this Worl,AULS.OOL101,,5,"[datetime.date(2019, 11, 26), datetime.date(2019, 11, 27), datetime.date(2019, 11, 28), datetime.date(2019, 11, 29), datetime.date(2019, 11, 30)]",1,0.095238097012043,1.0199999809265137,0.4752380847930908,0.476190485060215,5.099999904632568,2.376190423965454,03-Books
AULS463026-DMZ #1 Scare of a Dare (Diary,AULS.OOL101,,7,"[datetime.date(2019, 11, 24), datetime.date(2019, 11, 25), datetime.date(2019, 11, 26), datetime.date(2019, 11, 27), datetime.date(2019, 11, 28), datetime.date(2019, 11, 29), datetime.date(2019, 11, 30)]",1,0.0,0.0,0.0,0.0,0.0,0.0,03-Books
AULS475557-Ikigai,AULS.OOL114,,7,"[datetime.date(2019, 11, 24), datetime.date(2019, 11, 25), datetime.date(2019, 11, 26), datetime.date(2019, 11, 27), datetime.date(2019, 11, 28), datetime.date(2019, 11, 29), datetime.date(2019, 11, 30)]",1,0.06666667014360428,1.5146666765213013,0.8326666355133057,0.46666669100522995,10.602666735649109,5.82866644859314,03-Books
AULS489677SMOKE2XL-M ZIP HOODY CHEST BOARDS SMOKE,AULS.OOL101,,2,"[datetime.date(2019, 11, 24), datetime.date(2019, 11, 25)]",0,0.1875,6.391875267028809,1.9181249141693115,0.375,12.783750534057617,3.836249828338623,03-Books
AULS4713921-QLD StateOfOrigin Girl Ftysuit,AULS.TSV101,,2,"[datetime.date(2019, 11, 29), datetime.date(2019, 11, 30)]",1,0.1111111119389534,1.6133333444595337,0.10111111402511597,0.2222222238779068,3.2266666889190674,0.20222222805023193,03-Books
AULS431147-Brain Rules (Revised edition),AULS.OOL104,,4,"[datetime.date(2019, 11, 27), datetime.date(2019, 11, 28), datetime.date(2019, 11, 29), datetime.date(2019, 11, 30)]",1,0.0,0.0,0.0,0.0,0.0,0.0,03-Books
AULS498209-You Me Everything,AULS.TSV101,,7,"[datetime.date(2019, 11, 24), datetime.date(2019, 11, 25), datetime.date(2019, 11, 26), datetime.date(2019, 11, 27), datetime.date(2019, 11, 28), datetime.date(2019, 11, 29), datetime.date(2019, 11, 30)]",1,0.0,0.0,0.0,0.0,0.0,0.0,03-Books
AULS469689820OS-TeamAUS-CWG KIDS SPORTS CAP,AULS.TSV101,,7,"[datetime.date(2019, 11, 24), datetime.date(2019, 11, 25), datetime.date(2019, 11, 26), datetime.date(2019, 11, 27), datetime.date(2019, 11, 28), datetime.date(2019, 11, 29), datetime.date(2019, 11, 30)]",1,0.0,0.0,0.0,0.0,0.0,0.0,03-Books
AULS505440-Cilkas Journey (POM),AULS.OOL114,,4,"[datetime.date(2019, 11, 27), datetime.date(2019, 11, 28), datetime.date(2019, 11, 29), datetime.date(2019, 11, 30)]",1,0.03999999910593033,1.2359999418258667,0.6359999775886536,0.1599999964237213,4.943999767303467,2.5439999103546143,03-Books
AULS448875-LM17 Quietest Quokka Little Ma,AULS.OOL104,,7,"[datetime.date(2019, 11, 24), datetime.date(2019, 11, 25), datetime.date(2019, 11, 26), datetime.date(2019, 11, 27), datetime.date(2019, 11, 28), datetime.date(2019, 11, 29), datetime.date(2019, 11, 30)]",1,0.04545454680919647,0.1818181872367859,0.10409090667963028,0.3181818276643753,1.2727273106575012,0.728636346757412,03-Books
AULS492138-Unscary Book,AULS.OOL101,,7,"[datetime.date(2019, 11, 24), datetime.date(2019, 11, 25), datetime.date(2019, 11, 26), datetime.date(2019, 11, 27), datetime.date(2019, 11, 28), datetime.date(2019, 11, 29), datetime.date(2019, 11, 30)]",1,0.10000000149011612,1.062000036239624,0.4440000057220459,0.7000000104308128,7.434000253677368,3.1080000400543213,03-Books
AULS502019PRINTSM-MG MINI SUNNY SUN HAT,AULS.OOL101,,7,"[datetime.date(2019, 11, 24), datetime.date(2019, 11, 25), datetime.date(2019, 11, 26), datetime.date(2019, 11, 27), datetime.date(2019, 11, 28), datetime.date(2019, 11, 29), datetime.date(2019, 11, 30)]",1,0.0,0.0,0.0,0.0,0.0,0.0,03-Books
AULS399669-Stolen Life,AULS.OOL101,,7,"[datetime.date(2019, 11, 24), datetime.date(2019, 11, 25), datetime.date(2019, 11, 26), datetime.date(2019, 11, 27), datetime.date(2019, 11, 28), datetime.date(2019, 11, 29), datetime.date(2019, 11, 30)]",1,0.09090909361839294,1.6518181562423706,0.08636363595724106,0.6363636553287506,11.562727093696594,0.6045454517006874,03-Books
AULS448872-LM14 Nervous Numbat Little Mat,AULS.OOL101,,7,"[datetime.date(2019, 11, 24), datetime.date(2019, 11, 25), datetime.date(2019, 11, 26), datetime.date(2019, 11, 27), datetime.date(2019, 11, 28), datetime.date(2019, 11, 29), datetime.date(2019, 11, 30)]",1,0.10000000149011612,0.36400002241134644,0.19299998879432678,0.7000000104308128,2.548000156879425,1.3509999215602875,03-Books
AULS46973166510-GC2018-WOMENS HD LOGO TEE,AULS.TSV101,,7,"[datetime.date(2019, 11, 24), datetime.date(2019, 11, 25), datetime.date(2019, 11, 26), datetime.date(2019, 11, 27), datetime.date(2019, 11, 28), datetime.date(2019, 11, 29), datetime.date(2019, 11, 30)]",1,0.0,0.0,0.0,0.0,0.0,0.0,03-Books
AULS47436174004-I LOVE G.C.,AULS.OOL104,,3,"[datetime.date(2019, 11, 24), datetime.date(2019, 11, 25), datetime.date(2019, 11, 26)]",0,0.043478261679410934,0.9452173709869385,0.5756521821022034,0.1304347850382328,2.8356521129608154,1.72695654630661,03-Books
AULS406478-Why Nations Fail,AULS.OOL101,,7,"[datetime.date(2019, 11, 24), datetime.date(2019, 11, 25), datetime.date(2019, 11, 26), datetime.date(2019, 11, 27), datetime.date(2019, 11, 28), datetime.date(2019, 11, 29), datetime.date(2019, 11, 30)]",1,0.0,0.0,0.0,0.0,0.0,0.0,03-Books
AULS456596M-Adults tee/Ned kelly clsic Blk,AULS.TSV101,,5,"[datetime.date(2019, 11, 26), datetime.date(2019, 11, 27), datetime.date(2019, 11, 28), datetime.date(2019, 11, 29), datetime.date(2019, 11, 30)]",1,0.0,0.0,0.0,0.0,0.0,0.0,03-Books
AULS4999470-QLD SOO19 Girls Footysuit,AULS.TSV101,,7,"[datetime.date(2019, 11, 24), datetime.date(2019, 11, 25), datetime.date(2019, 11, 26), datetime.date(2019, 11, 27), datetime.date(2019, 11, 28), datetime.date(2019, 11, 29), datetime.date(2019, 11, 30)]",1,0.25,3.630000114440918,0.21250000596046448,1.75,25.410000801086426,1.4875000417232513,03-Books
AULS328327-Farewell My Lovely: Popular Pe,AULS.OOL101,,7,"[datetime.date(2019, 11, 24), datetime.date(2019, 11, 25), datetime.date(2019, 11, 26), datetime.date(2019, 11, 27), datetime.date(2019, 11, 28), datetime.date(2019, 11, 29), datetime.date(2019, 11, 30)]",1,0.0,0.0,0.0,0.0,0.0,0.0,03-Books
AULS448868-LM10 Jolliest Joey Little Mate,AULS.OOL104,,1,"[datetime.date(2019, 11, 24)]",0,0.0714285746216774,0.2857142984867096,0.16428570449352264,0.0714285746216774,0.2857142984867096,0.16428570449352264,03-Books
AULS503711-Bedtime Storybook: Disney Clas,AULS.OOL101,,5,"[datetime.date(2019, 11, 26), datetime.date(2019, 11, 27), datetime.date(2019, 11, 28), datetime.date(2019, 11, 29), datetime.date(2019, 11, 30)]",1,0.07999999821186066,1.308000087738037,0.8167999982833862,0.3999999910593033,6.5400004386901855,4.083999991416931,03-Books
AULS483756-Magic Hat 15th Anniv. Ed,AULS.OOL101,,5,"[datetime.date(2019, 11, 26), datetime.date(2019, 11, 27), datetime.date(2019, 11, 28), datetime.date(2019, 11, 29), datetime.date(2019, 11, 30)]",1,0.05263157933950424,0.5152631402015686,0.24736841022968292,0.2631578966975212,2.576315701007843,1.2368420511484146,03-Books
AULS486839MRON3XL-NRL Broncos Fishing Shirt MENS,AULS.TSV101,,7,"[datetime.date(2019, 11, 24), datetime.date(2019, 11, 25), datetime.date(2019, 11, 26), datetime.date(2019, 11, 27), datetime.date(2019, 11, 28), datetime.date(2019, 11, 29), datetime.date(2019, 11, 30)]",1,0.0,0.0,0.0,0.0,0.0,0.0,03-Books
AULS328318-Brideshead Revisited: Popular,AULS.OOL101,,7,"[datetime.date(2019, 11, 24), datetime.date(2019, 11, 25), datetime.date(2019, 11, 26), datetime.date(2019, 11, 27), datetime.date(2019, 11, 28), datetime.date(2019, 11, 29), datetime.date(2019, 11, 30)]",1,0.0,0.0,0.0,0.0,0.0,0.0,03-Books
AULS454659581S-Adult tee White Patch Red Marl,AULS.OOL104,,7,"[datetime.date(2019, 11, 24), datetime.date(2019, 11, 25), datetime.date(2019, 11, 26), datetime.date(2019, 11, 27), datetime.date(2019, 11, 28), datetime.date(2019, 11, 29), datetime.date(2019, 11, 30)]",1,0.07692307978868484,1.3961538076400757,0.7423076629638672,0.5384615585207939,9.77307665348053,5.19615364074707,03-Books
AULS476522-Decision Book (new edition),AULS.OOL114,,1,"[datetime.date(2019, 11, 27)]",0,0.0714285746216774,1.6228570938110352,0.8921428322792053,0.0714285746216774,1.6228570938110352,0.8921428322792053,03-Books
AULS498649NAVY2-AOP CROCT-SHIRT W/APP,AULS.OOL101,,7,"[datetime.date(2019, 11, 24), datetime.date(2019, 11, 25), datetime.date(2019, 11, 26), datetime.date(2019, 11, 27), datetime.date(2019, 11, 28), datetime.date(2019, 11, 29), datetime.date(2019, 11, 30)]",1,0.0,0.0,0.0,0.0,0.0,0.0,03-Books
AULS501197PNKTR00-Zip Growsuit,AULS.OOL101,,7,"[datetime.date(2019, 11, 24), datetime.date(2019, 11, 25), datetime.date(2019, 11, 26), datetime.date(2019, 11, 27), datetime.date(2019, 11, 28), datetime.date(2019, 11, 29), datetime.date(2019, 11, 30)]",1,0.0,0.0,0.0,0.0,0.0,0.0,03-Books
AULS462222050K-Baby ALPACA /Wool TWD,AULS.OOL104,,7,"[datetime.date(2019, 11, 24), datetime.date(2019, 11, 25), datetime.date(2019, 11, 26), datetime.date(2019, 11, 27), datetime.date(2019, 11, 28), datetime.date(2019, 11, 29), datetime.date(2019, 11, 30)]",1,0.0,0.0,0.0,0.0,0.0,0.0,03-Books
AULS498017NVYGDL-NRL19 COWBOYS M SLEEVLS HOODY,AULS.TSV101,,7,"[datetime.date(2019, 11, 24), datetime.date(2019, 11, 25), datetime.date(2019, 11, 26), datetime.date(2019, 11, 27), datetime.date(2019, 11, 28), datetime.date(2019, 11, 29), datetime.date(2019, 11, 30)]",1,0.25,6.197500228881836,-0.17749999463558197,1.75,43.38250160217285,-1.2424999624490738,03-Books
AULS47774512-COWBOYS LADIES REFLEC LOGO TEE,AULS.TSV101,,7,"[datetime.date(2019, 11, 24), datetime.date(2019, 11, 25), datetime.date(2019, 11, 26), datetime.date(2019, 11, 27), datetime.date(2019, 11, 28), datetime.date(2019, 11, 29), datetime.date(2019, 11, 30)]",1,0.0625,0.8506249785423279,0.17249999940395355,0.4375,5.954374849796295,1.2074999958276749,03-Books
AULS497455-Pearl #3: The Proper Unicorn,AULS.OOL104,,7,"[datetime.date(2019, 11, 24), datetime.date(2019, 11, 25), datetime.date(2019, 11, 26), datetime.date(2019, 11, 27), datetime.date(2019, 11, 28), datetime.date(2019, 11, 29), datetime.date(2019, 11, 30)]",1,0.0,0.0,0.0,0.0,0.0,0.0,03-Books
AULS498242-Ella and Olivia Bind Up: Adora,AULS.OOL101,,7,"[datetime.date(2019, 11, 24), datetime.date(2019, 11, 25), datetime.date(2019, 11, 26), datetime.date(2019, 11, 27), datetime.date(2019, 11, 28), datetime.date(2019, 11, 29), datetime.date(2019, 11, 30)]",1,0.20000000298023224,2.7260000705718994,1.7040001153945923,1.4000000208616257,19.082000494003296,11.928000807762146,03-Books
AULS4854924992-Kids flappy boxing roo T royal,AULS.TSV101,,7,"[datetime.date(2019, 11, 24), datetime.date(2019, 11, 25), datetime.date(2019, 11, 26), datetime.date(2019, 11, 27), datetime.date(2019, 11, 28), datetime.date(2019, 11, 29), datetime.date(2019, 11, 30)]",1,0.0,0.0,0.0,0.0,0.0,0.0,03-Books
AULS495348BLUE10Y-BBL19 BNE HEAT K ONFLD JERSEY,AULS.OOL101,,7,"[datetime.date(2019, 11, 24), datetime.date(2019, 11, 25), datetime.date(2019, 11, 26), datetime.date(2019, 11, 27), datetime.date(2019, 11, 28), datetime.date(2019, 11, 29), datetime.date(2019, 11, 30)]",1,0.0,0.0,0.0,0.0,0.0,0.0,03-Books
AULS487489-Girl in the Ice,AULS.OOL104,,7,"[datetime.date(2019, 11, 24), datetime.date(2019, 11, 25), datetime.date(2019, 11, 26), datetime.date(2019, 11, 27), datetime.date(2019, 11, 28), datetime.date(2019, 11, 29), datetime.date(2019, 11, 30)]",1,0.0,0.0,0.0,0.0,0.0,0.0,03-Books
AULS502540-Simple Truth (new edition),AULS.OOL101,,7,"[datetime.date(2019, 11, 24), datetime.date(2019, 11, 25), datetime.date(2019, 11, 26), datetime.date(2019, 11, 27), datetime.date(2019, 11, 28), datetime.date(2019, 11, 29), datetime.date(2019, 11, 30)]",1,0.0,0.0,0.0,0.0,0.0,0.0,03-Books
AULS48119242/10-AUSSIE SOLES INDY FUCHSIA,AULS.TSV101,,7,"[datetime.date(2019, 11, 24), datetime.date(2019, 11, 25), datetime.date(2019, 11, 26), datetime.date(2019, 11, 27), datetime.date(2019, 11, 28), datetime.date(2019, 11, 29), datetime.date(2019, 11, 30)]",1,0.0,0.0,0.0,0.0,0.0,0.0,03-Books
AULS43448709711-UGG MEN AU SHEEPSKIN SLIPPER,AULS.OOL101,,3,"[datetime.date(2019, 11, 28), datetime.date(2019, 11, 29), datetime.date(2019, 11, 30)]",1,0.0,0.0,0.0,0.0,0.0,0.0,03-Books
AULS448873-LM15 Organised Octopus Little,AULS.OOL104,,7,"[datetime.date(2019, 11, 24), datetime.date(2019, 11, 25), datetime.date(2019, 11, 26), datetime.date(2019, 11, 27), datetime.date(2019, 11, 28), datetime.date(2019, 11, 29), datetime.date(2019, 11, 30)]",1,0.0,0.0,0.0,0.0,0.0,0.0,03-Books
AULS4260812940-BABY BOY LS ROMPER SHARK BOARD,AULS.OOL101,,7,"[datetime.date(2019, 11, 24), datetime.date(2019, 11, 25), datetime.date(2019, 11, 26), datetime.date(2019, 11, 27), datetime.date(2019, 11, 28), datetime.date(2019, 11, 29), datetime.date(2019, 11, 30)]",1,0.05263157933950424,1.1957894563674927,0.7173684239387512,0.3684210553765297,8.370526194572449,5.0215789675712585,03-Books
AULS498019NVYGD8-NRL19 COWBOYS Y SLEEVLS HOODY,AULS.TSV101,,7,"[datetime.date(2019, 11, 24), datetime.date(2019, 11, 25), datetime.date(2019, 11, 26), datetime.date(2019, 11, 27), datetime.date(2019, 11, 28), datetime.date(2019, 11, 29), datetime.date(2019, 11, 30)]",1,0.0,0.0,0.0,0.0,0.0,0.0,03-Books
AULS502542-Heal,AULS.OOL101,,7,"[datetime.date(2019, 11, 24), datetime.date(2019, 11, 25), datetime.date(2019, 11, 26), datetime.date(2019, 11, 27), datetime.date(2019, 11, 28), datetime.date(2019, 11, 29), datetime.date(2019, 11, 30)]",1,0.125,3.7487499713897705,1.875,0.875,26.241249799728394,13.125,03-Books
AULS463435042M-M T - KOMBI FRONT,AULS.OOL101,,2,"[datetime.date(2019, 11, 24), datetime.date(2019, 11, 25)]",0,0.3333333432674408,6.6370368003845215,3.553703784942627,0.6666666865348816,13.274073600769043,7.107407569885254,03-Books
AULS499227-Kochies 11 Step Money Plan,AULS.OOL101,,7,"[datetime.date(2019, 11, 24), datetime.date(2019, 11, 25), datetime.date(2019, 11, 26), datetime.date(2019, 11, 27), datetime.date(2019, 11, 28), datetime.date(2019, 11, 29), datetime.date(2019, 11, 30)]",1,0.10000000149011612,2.7260000705718994,1.3630000352859497,0.7000000104308128,19.082000494003296,9.541000247001648,03-Books
AULS467949-NQ Cowboys Albie '47 MVP-Kids,AULS.TSV101,,7,"[datetime.date(2019, 11, 24), datetime.date(2019, 11, 25), datetime.date(2019, 11, 26), datetime.date(2019, 11, 27), datetime.date(2019, 11, 28), datetime.date(2019, 11, 29), datetime.date(2019, 11, 30)]",1,0.0,0.0,0.0,0.0,0.0,0.0,03-Books
AULS506241-Wrecking Ball: Diary of a Wimp,AULS.OOL114,,5,"[datetime.date(2019, 11, 24), datetime.date(2019, 11, 25), datetime.date(2019, 11, 26), datetime.date(2019, 11, 27), datetime.date(2019, 11, 28)]",0,0.4000000059604645,5.451333522796631,2.999333143234253,2.0000000298023224,27.256667613983154,14.996665716171265,03-Books
AULS4565872-Kids T/shirt Koala chky R.BLUE,AULS.TSV101,,6,"[datetime.date(2019, 11, 25), datetime.date(2019, 11, 26), datetime.date(2019, 11, 27), datetime.date(2019, 11, 28), datetime.date(2019, 11, 29), datetime.date(2019, 11, 30)]",1,0.0,0.0,0.0,0.0,0.0,0.0,03-Books
AULS500442-Rethinking Strategy,AULS.OOL101,,4,"[datetime.date(2019, 11, 27), datetime.date(2019, 11, 28), datetime.date(2019, 11, 29), datetime.date(2019, 11, 30)]",1,0.07692307978868484,2.0946154594421387,1.0476922988891602,0.3076923191547394,8.378461837768555,4.190769195556641,03-Books
AULS501827-Big Little Lies Season 2 TV Ti,AULS.OOL103,,5,"[datetime.date(2019, 11, 24), datetime.date(2019, 11, 25), datetime.date(2019, 11, 26), datetime.date(2019, 11, 27), datetime.date(2019, 11, 28)]",0,0.0,0.0,0.0,0.0,0.0,0.0,03-Books
AULS502457-Keep You Close,AULS.TSV101,,7,"[datetime.date(2019, 11, 24), datetime.date(2019, 11, 25), datetime.date(2019, 11, 26), datetime.date(2019, 11, 27), datetime.date(2019, 11, 28), datetime.date(2019, 11, 29), datetime.date(2019, 11, 30)]",1,0.0476190485060215,1.4714285135269165,0.7571428418159485,0.3333333395421505,10.299999594688416,5.299999892711639,03-Books
AULS475480XXL-MENS T - DESTINATION LOCK UP,AULS.OOL101,,7,"[datetime.date(2019, 11, 24), datetime.date(2019, 11, 25), datetime.date(2019, 11, 26), datetime.date(2019, 11, 27), datetime.date(2019, 11, 28), datetime.date(2019, 11, 29), datetime.date(2019, 11, 30)]",1,0.3181818127632141,6.119090557098389,3.1759092807769775,2.227272689342499,42.83363389968872,22.231364965438843,03-Books
AULS505613-Return of Thelma the Unicorn,AULS.OOL101,,5,"[datetime.date(2019, 11, 26), datetime.date(2019, 11, 27), datetime.date(2019, 11, 28), datetime.date(2019, 11, 29), datetime.date(2019, 11, 30)]",1,0.2222222238779068,2.357222318649292,1.086111068725586,1.111111119389534,11.78611159324646,5.43055534362793,03-Books
AULS448879-LM21 Unique Ulysses Butterfly,AULS.TSV101,,7,"[datetime.date(2019, 11, 24), datetime.date(2019, 11, 25), datetime.date(2019, 11, 26), datetime.date(2019, 11, 27), datetime.date(2019, 11, 28), datetime.date(2019, 11, 29), datetime.date(2019, 11, 30)]",1,0.0,0.0,0.0,0.0,0.0,0.0,03-Books
AULS45427842099-M WC SCARF STRIPE NAVY,AULS.OOL101,,5,"[datetime.date(2019, 11, 24), datetime.date(2019, 11, 25), datetime.date(2019, 11, 26), datetime.date(2019, 11, 27), datetime.date(2019, 11, 28)]",0,0.0,0.0,0.0,0.0,0.0,0.0,03-Books
AULS484995S-LADIES T - BOARDS,AULS.OOL101,,7,"[datetime.date(2019, 11, 24), datetime.date(2019, 11, 25), datetime.date(2019, 11, 26), datetime.date(2019, 11, 27), datetime.date(2019, 11, 28), datetime.date(2019, 11, 29), datetime.date(2019, 11, 30)]",1,0.2222222238779068,4.039999961853027,1.984444499015808,1.5555555671453476,28.27999973297119,13.891111493110657,03-Books
AULS4999390-QLD SOO19 Original,AULS.TSV101,,1,"[datetime.date(2019, 11, 30)]",1,0.1599999964237213,2.654400110244751,0.10319999605417252,0.1599999964237213,2.654400110244751,0.10319999605417252,03-Books
AULS502685-Bulletproof Problem Solving,AULS.TSV101,,7,"[datetime.date(2019, 11, 24), datetime.date(2019, 11, 25), datetime.date(2019, 11, 26), datetime.date(2019, 11, 27), datetime.date(2019, 11, 28), datetime.date(2019, 11, 29), datetime.date(2019, 11, 30)]",1,0.0,0.0,0.0,0.0,0.0,0.0,03-Books
AULS505463-Beauchamp Hall,AULS.TSV101,,7,"[datetime.date(2019, 11, 24), datetime.date(2019, 11, 25), datetime.date(2019, 11, 26), datetime.date(2019, 11, 27), datetime.date(2019, 11, 28), datetime.date(2019, 11, 29), datetime.date(2019, 11, 30)]",1,0.06666667014360428,1.0299999713897705,0.515333354473114,0.46666669100522995,7.2099997997283936,3.607333481311798,03-Books
AULS455584000-QLD Reds Original,AULS.TSV101,,7,"[datetime.date(2019, 11, 24), datetime.date(2019, 11, 25), datetime.date(2019, 11, 26), datetime.date(2019, 11, 27), datetime.date(2019, 11, 28), datetime.date(2019, 11, 29), datetime.date(2019, 11, 30)]",1,0.0625,0.28437501192092896,-0.7081249952316284,0.4375,1.9906250834465027,-4.956874966621399,03-Books
AULS472375420M-(AM) AUS COAT OF ARM,AULS.OOL104,,7,"[datetime.date(2019, 11, 24), datetime.date(2019, 11, 25), datetime.date(2019, 11, 26), datetime.date(2019, 11, 27), datetime.date(2019, 11, 28), datetime.date(2019, 11, 29), datetime.date(2019, 11, 30)]",1,0.0,0.0,0.0,0.0,0.0,0.0,03-Books
AULS482445-Brain Rules for Ageing Well,AULS.OOL101,,7,"[datetime.date(2019, 11, 24), datetime.date(2019, 11, 25), datetime.date(2019, 11, 26), datetime.date(2019, 11, 27), datetime.date(2019, 11, 28), datetime.date(2019, 11, 29), datetime.date(2019, 11, 30)]",1,0.0,0.0,0.0,0.0,0.0,0.0,03-Books
AULS492137-Pig the Grub,AULS.OOL101,,6,"[datetime.date(2019, 11, 25), datetime.date(2019, 11, 26), datetime.date(2019, 11, 27), datetime.date(2019, 11, 28), datetime.date(2019, 11, 29), datetime.date(2019, 11, 30)]",1,0.1666666716337204,1.7788889408111572,0.7350000143051147,1.0000000298023224,10.673333644866943,4.4100000858306885,03-Books
AULS498158-Other Wife,AULS.OOL114,,1,"[datetime.date(2019, 11, 25)]",0,0.0714285746216774,0.9735714197158813,0.5342857241630554,0.0714285746216774,0.9735714197158813,0.5342857241630554,03-Books
AULS500198-Little Book Of Buddhism,AULS.OOL101,,7,"[datetime.date(2019, 11, 24), datetime.date(2019, 11, 25), datetime.date(2019, 11, 26), datetime.date(2019, 11, 27), datetime.date(2019, 11, 28), datetime.date(2019, 11, 29), datetime.date(2019, 11, 30)]",1,0.20000000298023224,2.452000141143799,1.0880000591278076,1.4000000208616257,17.164000988006592,7.616000413894653,03-Books
AULS429205-One Shot,AULS.OOL101,,7,"[datetime.date(2019, 11, 24), datetime.date(2019, 11, 25), datetime.date(2019, 11, 26), datetime.date(2019, 11, 27), datetime.date(2019, 11, 28), datetime.date(2019, 11, 29), datetime.date(2019, 11, 30)]",1,0.0,0.0,0.0,0.0,0.0,0.0,03-Books
AULS4723774412-(AM) BUG EYE P,AULS.OOL104,,5,"[datetime.date(2019, 11, 26), datetime.date(2019, 11, 27), datetime.date(2019, 11, 28), datetime.date(2019, 11, 29), datetime.date(2019, 11, 30)]",1,0.0,0.0,0.0,0.0,0.0,0.0,03-Books
AULS495363GREEN14Y-BBL19 MEL STARS K ONFLD JERSEY,AULS.OOL101,,7,"[datetime.date(2019, 11, 24), datetime.date(2019, 11, 25), datetime.date(2019, 11, 26), datetime.date(2019, 11, 27), datetime.date(2019, 11, 28), datetime.date(2019, 11, 29), datetime.date(2019, 11, 30)]",1,0.0,0.0,0.0,0.0,0.0,0.0,03-Books
AULS499817NAVYM-W19 COWBOYS M CLUB GRAPHIX T,AULS.TSV101,,7,"[datetime.date(2019, 11, 24), datetime.date(2019, 11, 25), datetime.date(2019, 11, 26), datetime.date(2019, 11, 27), datetime.date(2019, 11, 28), datetime.date(2019, 11, 29), datetime.date(2019, 11, 30)]",1,0.0,0.0,0.0,0.0,0.0,0.0,03-Books
AULS387712046M-SWAGMAN CRUSHABLE HAT BROWN,AULS.OOL104,,7,"[datetime.date(2019, 11, 24), datetime.date(2019, 11, 25), datetime.date(2019, 11, 26), datetime.date(2019, 11, 27), datetime.date(2019, 11, 28), datetime.date(2019, 11, 29), datetime.date(2019, 11, 30)]",1,0.0,0.0,0.0,0.0,0.0,0.0,03-Books
AULS466476-Mens Watch Traditional Asst,AULS.TSV101,,7,"[datetime.date(2019, 11, 24), datetime.date(2019, 11, 25), datetime.date(2019, 11, 26), datetime.date(2019, 11, 27), datetime.date(2019, 11, 28), datetime.date(2019, 11, 29), datetime.date(2019, 11, 30)]",1,0.0,0.0,0.0,0.0,0.0,0.0,03-Books
AULS482528-Art of Happiness 20th Anniv. G,AULS.OOL101,,7,"[datetime.date(2019, 11, 24), datetime.date(2019, 11, 25), datetime.date(2019, 11, 26), datetime.date(2019, 11, 27), datetime.date(2019, 11, 28), datetime.date(2019, 11, 29), datetime.date(2019, 11, 30)]",1,0.0,0.0,0.0,0.0,0.0,0.0,03-Books
AULS503629-FORTNITE Official Outfits Hand,AULS.OOL101,,4,"[datetime.date(2019, 11, 27), datetime.date(2019, 11, 28), datetime.date(2019, 11, 29), datetime.date(2019, 11, 30)]",1,0.07692307978868484,1.9257692098617554,0.946538507938385,0.3076923191547394,7.7030768394470215,3.78615403175354,03-Books
AULS503581-Shipwreck Hunter,AULS.OOL101,,7,"[datetime.date(2019, 11, 24), datetime.date(2019, 11, 25), datetime.date(2019, 11, 26), datetime.date(2019, 11, 27), datetime.date(2019, 11, 28), datetime.date(2019, 11, 29), datetime.date(2019, 11, 30)]",1,0.1428571492433548,3.1157143115997314,1.6228570938110352,1.0000000447034836,21.81000018119812,11.359999656677246,03-Books
AULS504611-Secret Network of Nature,AULS.OOL101,,3,"[datetime.date(2019, 11, 28), datetime.date(2019, 11, 29), datetime.date(2019, 11, 30)]",1,0.31578946113586426,6.02526330947876,3.1547365188598633,0.9473683834075928,18.07578992843628,9.46420955657959,03-Books
AULS438672-Throne of Glass,AULS.TSV101,,7,"[datetime.date(2019, 11, 24), datetime.date(2019, 11, 25), datetime.date(2019, 11, 26), datetime.date(2019, 11, 27), datetime.date(2019, 11, 28), datetime.date(2019, 11, 29), datetime.date(2019, 11, 30)]",1,0.0,0.0,0.0,0.0,0.0,0.0,03-Books
AULS499185-Forgotten Child,AULS.OOL101,,2,"[datetime.date(2019, 11, 29), datetime.date(2019, 11, 30)]",1,0.20000000298023224,3.815999984741211,1.9459998607635498,0.4000000059604645,7.631999969482422,3.8919997215270996,03-Books
AULS448870-LM12 Laziest Lizard Little Mat,AULS.OOL104,,7,"[datetime.date(2019, 11, 24), datetime.date(2019, 11, 25), datetime.date(2019, 11, 26), datetime.date(2019, 11, 27), datetime.date(2019, 11, 28), datetime.date(2019, 11, 29), datetime.date(2019, 11, 30)]",1,0.09090909361839294,0.3636363744735718,0.20909090340137482,0.6363636553287506,2.5454546213150024,1.4636363238096237,03-Books
AULS498665NAVY4-HOODY APP SHARK,AULS.OOL101,,7,"[datetime.date(2019, 11, 24), datetime.date(2019, 11, 25), datetime.date(2019, 11, 26), datetime.date(2019, 11, 27), datetime.date(2019, 11, 28), datetime.date(2019, 11, 29), datetime.date(2019, 11, 30)]",1,0.0,0.0,0.0,0.0,0.0,0.0,03-Books
AULS46969942014-TeamAUS-CWG KIDS HOODED SWEAT,AULS.TSV101,,7,"[datetime.date(2019, 11, 24), datetime.date(2019, 11, 25), datetime.date(2019, 11, 26), datetime.date(2019, 11, 27), datetime.date(2019, 11, 28), datetime.date(2019, 11, 29), datetime.date(2019, 11, 30)]",1,0.0,0.0,0.0,0.0,0.0,0.0,03-Books
AULS483761-Stink-o-Saurus,AULS.OOL101,,2,"[datetime.date(2019, 11, 25), datetime.date(2019, 11, 26)]",0,0.03703703731298447,0.378888875246048,0.17000000178813934,0.07407407462596893,0.757777750492096,0.3400000035762787,03-Books
AULS506791S-NRL Cowboys Hawaiian Shirt MEN,AULS.TSV101,,7,"[datetime.date(2019, 11, 24), datetime.date(2019, 11, 25), datetime.date(2019, 11, 26), datetime.date(2019, 11, 27), datetime.date(2019, 11, 28), datetime.date(2019, 11, 29), datetime.date(2019, 11, 30)]",1,0.0714285746216774,4.220714092254639,1.8764286041259766,0.5000000223517418,29.54499864578247,13.135000228881836,03-Books
AULS460022-WeirDo: #7 Mega Weird,AULS.OOL101,,7,"[datetime.date(2019, 11, 24), datetime.date(2019, 11, 25), datetime.date(2019, 11, 26), datetime.date(2019, 11, 27), datetime.date(2019, 11, 28), datetime.date(2019, 11, 29), datetime.date(2019, 11, 30)]",1,0.0,0.0,0.0,0.0,0.0,0.0,03-Books
AULS494092-Dead If You Dont,AULS.TSV101,,7,"[datetime.date(2019, 11, 24), datetime.date(2019, 11, 25), datetime.date(2019, 11, 26), datetime.date(2019, 11, 27), datetime.date(2019, 11, 28), datetime.date(2019, 11, 29), datetime.date(2019, 11, 30)]",1,0.0,0.0,0.0,0.0,0.0,0.0,03-Books
AULS502568-After the End,AULS.OOL101,,7,"[datetime.date(2019, 11, 24), datetime.date(2019, 11, 25), datetime.date(2019, 11, 26), datetime.date(2019, 11, 27), datetime.date(2019, 11, 28), datetime.date(2019, 11, 29), datetime.date(2019, 11, 30)]",1,0.1428571492433548,4.414285659790039,2.2714285850524902,1.0000000447034836,30.899999618530273,15.900000095367432,03-Books
AULS448869-LM11 Kindest Koala Little Mate,AULS.TSV101,,7,"[datetime.date(2019, 11, 24), datetime.date(2019, 11, 25), datetime.date(2019, 11, 26), datetime.date(2019, 11, 27), datetime.date(2019, 11, 28), datetime.date(2019, 11, 29), datetime.date(2019, 11, 30)]",1,0.4000000059604645,1.4560000896453857,0.7760000228881836,2.8000000417232513,10.1920006275177,5.432000160217285,03-Books
AULS399669-Stolen Life,AULS.OOL104,,7,"[datetime.date(2019, 11, 24), datetime.date(2019, 11, 25), datetime.date(2019, 11, 26), datetime.date(2019, 11, 27), datetime.date(2019, 11, 28), datetime.date(2019, 11, 29), datetime.date(2019, 11, 30)]",1,0.0,0.0,0.0,0.0,0.0,0.0,03-Books
AULS495389NVPRPS-NRL19 STORM M SQUAD HOODY,AULS.TSV101,,7,"[datetime.date(2019, 11, 24), datetime.date(2019, 11, 25), datetime.date(2019, 11, 26), datetime.date(2019, 11, 27), datetime.date(2019, 11, 28), datetime.date(2019, 11, 29), datetime.date(2019, 11, 30)]",1,0.0,0.0,0.0,0.0,0.0,0.0,03-Books
